,release_year
0,2020
1,2021
2,2021
3,2021
4,2021
5,2021
6,2021
8,2021
9,2021
10,2021
11,2021
12,2021
13,2021
14,2021
15,2021
16,2020
17,2020
18,2021
19,2021
20,2021
21,2018
23,2021
24,1998
25,2021
26,1997
27,2010
28,2013
29,2013
30,2021
31,2021
32,2020
33,2021
34,2020
35,2021
36,2021
37,2018
38,2017
39,2021
40,2021
45,2021
46,2012
47,2020
48,2001
49,2021
50,2014
51,2002
52,2003
53,2004
54,2001
55,2021
56,2011
57,2008
58,2009
59,2007
60,2010
61,2005
62,2006
63,2004
64,2021
65,2021
66,2014
68,2021
69,2015
70,2021
71,2021
72,2021
73,2018
74,2021
75,2021
76,2013
77,2021
78,2020
79,2021
80,2021
81,2021
82,2021
83,2021
84,2020
85,2021
86,2021
87,2019
88,2021
89,2017
90,2019
91,2021
92,2021
93,2021
94,2018
95,2021
96,2018
97,2021
98,2021
99,2021
100,2019
101,2021
102,2021
103,2020
104,2016
105,2017
106,2021
107,2018
108,2021
109,2021
110,2021
111,2021
112,2021
113,2021
115,2009
116,2015
117,2021
118,2017
119,2020
120,2021
121,2019
122,2003
123,2012
124,2013
125,2021
126,2020
127,2004
128,2017
129,2005
130,2021
132,2021
133,2015
136,2003
137,2001
138,2010
140,2014
141,2015
142,2007
143,2011
147,2021
148,2020
149,1998
150,1999
151,2005
152,2016
153,2016
154,2015
156,2010
157,2018
158,2003
159,2010
162,2017
163,2003
164,1999
165,2019
167,2008
168,2001
169,2006
170,1997
171,2017
172,2003
173,2015
174,2003
178,2014
180,2000
181,2021
182,2008
184,2021
185,2021
186,2021
187,2021
188,2008
189,2020
190,2021
191,2017
192,2008
193,2021
194,2002
195,2008
196,2021
197,2021
198,2021
199,2006
200,2004
201,2003
202,2005
203,2016
204,2012
205,2001
206,2010
207,2008
208,2010
209,2013
210,2011
211,2014
212,2016
213,2021
214,2021
215,2007
216,2011
217,2011
218,2021
219,2021
220,2021
221,2021
222,2021
223,2021
224,2021
225,2021
226,2021
227,2020
228,2014
229,2020
230,2021
231,2021
232,2019
233,2021
234,2021
235,2021
236,2021
237,2021
238,2021
239,2021
240,2021
241,2021
242,2021
243,2021
244,2018
245,2021
246,2021
247,2021
248,2021
249,2021
250,2020
251,2011
252,2021
254,2021
255,2021
256,2020
257,2015
258,2020
259,2018
260,2020
261,2021
262,2021
263,2016
264,2014
265,2018
266,2020
268,2020
269,2015
270,2021
271,2021
272,2021
273,2021
274,2021
275,2021
276,2021
277,2021
278,2021
279,2021
280,2021
281,2016
282,2020
283,2021
284,2021
285,2013
286,2021
287,2021
288,2018
289,2019
290,2021
291,2021
292,2012
293,2021
294,2020
295,2021
296,2021
297,2021
298,2020
299,2021
300,2021
301,2013
302,2013
304,2021
306,2016
307,2021
308,2012
309,2021
310,2021
311,2021
312,2021
313,2009
315,2010
316,2011
317,2021
318,2021
319,2005
320,2021
321,2013
322,2008
323,2012
324,2020
327,2007
328,2016
329,2002
330,2009
331,2020
332,1999
334,2019
335,2006
336,2010
337,2007
338,2014
339,2021
340,2010
341,1999
345,2015
346,2008
347,2009
348,2019
349,2003
350,2000
351,2004
352,2016
353,2013
355,2011
356,2010
357,2004
359,2000
360,2010
361,2021
362,2018
363,2021
364,2021
365,2014
366,2021
367,2020
368,2009
369,2021
370,2021
371,2009
372,2021
373,2021
374,2013
375,2021
376,2021
377,2021
378,2019
379,2021
380,2021
381,2021
382,2021
383,2012
384,2021
385,2021
386,2021
387,2021
388,2021
389,2019
390,2019
391,2020
392,2012
393,2021
394,2021
395,2021
396,2021
397,2021
398,2021
399,2021
400,2021
401,2021
402,2021
403,2021
404,2021
405,2015
406,2013
407,2009
408,2011
409,2010
410,2013
411,2013
412,2013
413,2013
414,2012
415,2009
416,2013
417,2015
418,2019
419,2010
420,2012
421,2014
422,2011
423,2011
424,2012
425,2019
426,2021
427,2019
428,2021
429,2020
430,2021
431,2021
432,2021
433,2020
434,2020
435,2019
436,2021
437,2021
438,2020
439,2021
440,2021
441,2021
442,2021
443,1999
444,2021
445,2017
446,2017
447,2011
448,2012
449,2010
450,2009
451,2008
452,2021
453,2021
455,2021
456,2019
457,2021
458,2021
459,2021
460,2007
461,2019
462,2019
463,2021
464,2021
465,2021
466,2021
467,2021
468,2021
469,2019
470,2021
471,2021
472,2021
473,2020
474,2015
475,2019
476,2016
477,2021
478,2021
479,2021
480,2020
481,2021
482,2021
483,2021
484,2021
485,2021
486,2016
487,2021
488,2021
489,2017
490,2021
491,2017
492,2018
493,2021
494,2015
495,2019
496,2014
497,2021
498,2020
499,2021
500,2021
501,2020
502,2010
503,2021
504,2021
505,2020
506,2021
507,2019
508,2019
509,2019
510,2016
511,2017
512,2007
513,2018
514,2019
515,2019
516,2021
517,2017
518,2020
519,2020
520,2021
521,2021
522,2015
523,2019
524,2019
525,2018
526,2019
527,2016
528,2012
530,2015
531,2018
532,2019
533,2021
534,2019
535,2015
536,2018
537,2018
538,2021
539,2020
540,2020
541,2018
543,2020
544,2021
545,2020
546,2021
547,2021
548,2020
549,2020
550,2021
551,2021
552,2020
553,2019
554,2020
555,2013
556,2021
557,2018
558,2012
559,1997
560,2021
561,2002
562,1997
563,1999
564,1997
565,2020
566,2000
569,2019
570,2021
571,2021
572,2019
573,2008
574,2011
575,2010
576,2019
577,2021
578,2005
580,2021
582,2016
583,2011
584,2001
585,2018
587,2020
588,2018
589,2019
590,2016
591,2008
592,2010
593,2000
594,2009
595,1999
596,2019
597,2006
598,2010
599,2019
600,1997
604,2003
606,2006
607,2008
608,2002
609,2010
610,2003
611,2012
612,2009
613,2020
614,1998
615,1998
616,2019
617,2021
618,2021
619,2020
620,2019
621,2020
622,2019
623,2021
624,2021
625,2021
626,2021
627,2020
628,2021
629,2020
630,2012
631,2021
632,2019
633,2018
634,2019
635,2010
636,2021
637,2021
638,2021
639,2021
640,2021
641,2021
642,2021
643,2021
644,2021
645,2021
646,2021
647,2021
648,2021
649,2019
650,2016
651,2003
652,2004
653,2021
654,2014
655,2016
656,2015
657,2001
658,2021
659,2018
660,2021
661,2018
662,2018
663,2019
664,2020
665,2020
666,2020
667,2015
668,2018
669,2020
673,2019
674,2019
675,2018
676,2019
677,2020
678,2018
679,2018
680,2020
681,2018
682,2021
683,2021
684,2021
685,2021
686,2021
687,2021
688,2020
690,2021
691,2021
692,2021
693,2021
694,2019
695,2015
696,2021
697,2021
698,2020
699,2021
700,2021
701,2019
702,2012
703,2021
704,2018
705,2019
706,2021
707,2021
708,2016
709,2020
710,2021
711,2021
712,2020
713,2020
714,2021
715,2021
717,2021
718,2013
719,2021
720,2021
721,2020
722,2005
723,2014
724,2021
725,2021
726,2014
727,2020
728,2021
729,2021
730,2021
731,2021
732,2021
733,2016
734,2021
735,2021
736,2021
737,2021
738,2021
739,2021
740,2014
741,2012
742,2021
743,2014
744,2021
745,2019
746,2021
747,2013
748,2021
749,2021
750,2021
751,2018
752,2014
753,2007
754,2018
755,2021
756,2020
757,2021
758,2021
759,2015
760,2015
761,2021
762,2021
763,2021
764,2021
765,2021
766,2021
767,2021
768,2021
769,2020
770,2021
771,2021
772,2021
773,2019
774,2020
775,2012
776,2001
777,2009
778,2013
779,2000
780,2019
781,2021
782,1997
783,2021
784,2011
785,2021
786,2013
787,2003
788,2001
789,2015
790,2015
791,2008
792,2010
793,1997
794,2019
795,2012
796,2011
797,2001
798,1997
799,2004
800,2012
801,2011
802,2009
803,2006
804,2006
805,2021
806,2017
807,2017
808,2014
809,2004
811,2021
812,2001
815,2015
816,2005
817,2015
820,2021
821,2018
822,2019
823,2019
824,2018
825,2020
826,2021
827,2021
828,2016
829,2021
830,2021
831,2021
832,2021
833,2021
834,2021
835,2021
836,2021
837,2021
838,2021
839,2018
840,2021
841,2021
842,2021
843,2016
844,2021
845,2014
846,2015
847,2021
848,2021
849,2020
850,2021
851,2021
852,2021
853,2021
854,2021
855,2021
856,2020
857,2021
858,2009
859,2011
860,2020
861,2021
862,2021
863,2011
864,2006
865,2014
866,2017
867,1998
868,1997
869,2021
870,2021
871,2021
872,2016
873,2021
874,2021
875,2020
876,2021
877,2021
878,2021
879,2021
880,2021
881,2021
882,2021
883,2021
884,2021
885,2018
886,2020
887,2020
888,2021
889,2021
890,2021
891,2004
892,2018
893,2020
894,2021
895,2021
896,2021
897,2021
898,2020
899,2020
900,2021
901,2019
902,2021
903,2021
904,2017
905,2021
906,1999
907,2020
908,2021
909,2021
910,2021
911,2017
912,2021
913,2020
914,2017
915,2020
916,2013
917,2019
918,2021
919,2021
920,2020
921,2018
922,2018
923,2021
924,2020
925,2010
926,2006
927,2010
929,2017
930,2010
931,2005
932,2010
933,2009
934,2018
935,2012
936,2020
937,2017
938,2019
939,2013
940,2014
941,2013
942,2003
943,2008
944,2018
945,2020
947,2009
948,2018
949,2011
950,2009
951,2002
952,2000
953,2016
954,2018
956,2008
957,2021
958,2019
959,2021
960,2021
961,2021
962,2018
963,2021
964,2021
965,2021
966,2021
967,2021
968,2021
969,2014
970,2011
971,2018
972,2021
973,2020
974,2019
975,2021
976,2017
977,2016
978,2014
979,2013
980,2015
981,2004
982,2015
983,2021
984,2015
985,2015
986,2016
987,2019
988,2021
989,2017
990,2015
991,2020
992,2020
993,2021
994,2020
995,2001
996,2021
997,2021
998,2021
999,2021
1000,2020
1001,2015
1002,2021
1003,2021
1004,2021
1005,2013
1006,2018
1007,2017
1008,2019
1009,2020
1010,2019
1011,2014
1012,2021
1013,2016
1014,2019
1016,2011
1017,2010
1018,2008
1019,2001
1020,2004
1021,2010
1022,2007
1023,2021
1024,2021
1025,2021
1026,2021
1027,2015
1028,2021
1029,2013
1030,2020
1031,2020
1032,2021
1033,2013
1034,2020
1035,2017
1036,2017
1037,2021
1038,2016
1039,2020
1040,2016
1041,2016
1042,2019
1043,2006
1044,2021
1045,2020
1046,2019
1047,2018
1048,2020
1049,2019
1050,2021
1051,2003
1052,2012
1053,2014
1054,2020
1056,2015
1057,2021
1058,2021
1059,2018
1060,2020
1061,2020
1062,2021
1063,2019
1064,2016
1065,2019
1066,2021
1067,2020
1068,2019
1069,2020
1070,2021
1071,2017
1072,2018
1073,2018
1074,2019
1075,2021
1076,2018
1077,2019
1078,2017
1079,2020
1080,2021
1081,2018
1082,2021
1083,2020
1084,2020
1085,2021
1086,2016
1087,2021
1088,2021
1089,2021
1090,2020
1091,2021
1092,2021
1093,2021
1094,2021
1095,2021
1096,2021
1097,2020
1098,2021
1099,2020
1100,2020
1101,2013
1102,2006
1103,2018
1104,2012
1105,2021
1106,2019
1107,2018
1108,2021
1109,2021
1110,2021
1111,2008
1112,2017
1113,2009
1114,2009
1115,2012
1116,2020
1117,2019
1118,2010
1119,2015
1120,2016
1121,2001
1122,2020
1123,2021
1125,2017
1127,2021
1128,2017
1129,2016
1130,2017
1131,2017
1132,2017
1133,2016
1134,2017
1135,2010
1136,2021
1137,2019
1138,2002
1139,2009
1140,1999
1141,2016
1142,2017
1143,2021
1144,2008
1145,2018
1146,2021
1147,2020
1148,2015
1149,2005
1150,2021
1151,2021
1152,2020
1153,2013
1154,2012
1155,2021
1156,2021
1157,2021
1158,2013
1159,2018
1160,1998
1161,2020
1162,2020
1163,2021
1164,2020
1165,2021
1166,2021
1167,2021
1168,2021
1169,2021
1170,2021
1171,2021
1172,2021
1173,2021
1174,2021
1175,2013
1176,2020
1177,2020
1178,2020
1179,2010
1180,2021
1181,2021
1182,2021
1183,2020
1184,2021
1185,2020
1186,2021
1187,2021
1188,2021
1189,2021
1190,2020
1191,2014
1192,2020
1193,2020
1194,2017
1195,2021
1196,2021
1197,2014
1198,2021
1199,2012
1200,2021
1201,2021
1202,2021
1203,2016
1204,2020
1205,2021
1206,2021
1207,2020
1208,2015
1209,2020
1210,2021
1211,2015
1212,2021
1213,2021
1214,2020
1215,2010
1216,2013
1217,2021
1218,2021
1219,2016
1220,2021
1221,2020
1222,2020
1223,2021
1224,2021
1225,2021
1226,2021
1227,2021
1228,2021
1229,2015
1230,2021
1231,2021
1232,2021
1233,2020
1234,2021
1235,2021
1236,2021
1237,2020
1238,2021
1239,2013
1240,2013
1241,2021
1242,2021
1243,2014
1244,2020
1245,2021
1246,2019
1247,2009
1248,2021
1249,2021
1250,2021
1252,2018
1253,2019
1255,2011
1256,2006
1257,2011
1258,2021
1259,2016
1260,2021
1261,2006
1262,2021
1263,2015
1264,2011
1265,2021
1266,2008
1267,2014
1268,2019
1269,2021
1270,2018
1271,2018
1272,2021
1273,2020
1274,2021
1275,2021
1276,2019
1277,2021
1278,2021
1279,2020
1280,2021
1281,2021
1282,2020
1283,2013
1284,2016
1285,2021
1286,2020
1287,2021
1288,2018
1289,2020
1290,2021
1291,2020
1292,2017
1293,2021
1294,2021
1295,2019
1296,2021
1297,2018
1298,2021
1299,2021
1300,2021
1301,2021
1302,2021
1303,2018
1304,2021
1305,2002
1306,2020
1307,2017
1308,2021
1309,2018
1310,2021
1311,2021
1312,2020
1313,2021
1314,2005
1315,2021
1316,2019
1317,2021
1318,2021
1319,2021
1320,2019
1321,2016
1322,2018
1323,2020
1324,2012
1325,2021
1326,2021
1327,2008
1328,2021
1329,2021
1330,2019
1332,2008
1333,2016
1334,2020
1335,2020
1336,2017
1337,2017
1338,2021
1339,2021
1340,2020
1341,2021
1342,2021
1343,2021
1344,2020
1345,2021
1346,2020
1347,2020
1348,2021
1349,2012
1350,2018
1351,2020
1352,2021
1353,1997
1354,2019
1355,2018
1356,2018
1357,2019
1358,2010
1359,2008
1360,2020
1361,2019
1362,2015
1363,2019
1364,2005
1365,2019
1366,2020
1367,2018
1368,2021
1369,2021
1370,2021
1371,2021
1372,2021
1373,2021
1374,2021
1375,2021
1376,2020
1377,2018
1378,2021
1379,2018
1380,2021
1381,2019
1382,2019
1383,2021
1384,2021
1385,2019
1386,2020
1387,2010
1388,2021
1389,2020
1390,2020
1391,2020
1392,2021
1393,2020
1394,2021
1395,2021
1396,2013
1397,2016
1398,2020
1399,2018
1400,2021
1401,2021
1402,2021
1403,2020
1404,2016
1405,2021
1406,2014
1407,2019
1408,2020
1409,2020
1410,2021
1411,2021
1412,2021
1413,2011
1414,2020
1415,2017
1416,2021
1417,2019
1418,2021
1419,2020
1420,2021
1421,2011
1422,2005
1423,2005
1424,2021
1425,2021
1426,2003
1427,2021
1428,2018
1429,2021
1430,2021
1431,2021
1432,2021
1433,2020
1434,2016
1435,2020
1436,2021
1437,2021
1438,2020
1439,2021
1440,2021
1441,1999
1442,2020
1443,2019
1444,2012
1445,2020
1446,2014
1447,2009
1448,2021
1449,2021
1451,2020
1452,2013
1453,1997
1454,2009
1455,2021
1456,2007
1457,2017
1458,2017
1459,2011
1460,2021
1462,2020
1463,2014
1464,2019
1465,2013
1466,2021
1467,2011
1468,2021
1470,2017
1471,2020
1472,2014
1473,2020
1474,2020
1475,2019
1476,2020
1477,2019
1478,2020
1479,2020
1480,2018
1481,2020
1482,2020
1483,2020
1484,2020
1485,2011
1486,2020
1487,2019
1488,2020
1489,2020
1490,2020
1491,2020
1492,2020
1493,2019
1494,2020
1495,2019
1496,2018
1497,2019
1498,2012
1499,2020
1500,2020
1501,2020
1502,2020
1503,2020
1504,2020
1505,2020
1506,2016
1507,2020
1508,2010
1509,2020
1510,2018
1511,2019
1512,2020
1513,2012
1514,2019
1515,2020
1516,2020
1517,2020
1518,2020
1519,2006
1520,2020
1521,2004
1522,2009
1523,2020
1524,2018
1525,2019
1526,2017
1527,2020
1528,2020
1529,2019
1530,2020
1531,2019
1532,2020
1533,2020
1534,2012
1535,2020
1536,2016
1537,2013
1538,2011
1539,2011
1540,2016
1541,2020
1542,2020
1543,2014
1544,2018
1545,2020
1546,2020
1547,2011
1548,2006
1549,2019
1550,2020
1551,2021
1552,2020
1553,2020
1554,2020
1555,2018
1556,2020
1557,2020
1558,2020
1559,2020
1560,2020
1561,2020
1562,2020
1563,2020
1564,2020
1565,2016
1566,2013
1567,2019
1568,2019
1569,2013
1570,2019
1571,2020
1572,2020
1573,2020
1574,2020
1575,2020
1576,2020
1577,2020
1578,2019
1579,2020
1580,2020
1581,2020
1582,2016
1583,2018
1584,2020
1585,2020
1586,2020
1587,2020
1588,2020
1589,2020
1590,2020
1591,2020
1592,2020
1593,2020
1594,2020
1595,2020
1596,2020
1597,2020
1598,2019
1599,2018
1600,2020
1601,2020
1602,2013
1603,2020
1604,2020
1605,2020
1606,2020
1607,2020
1608,2014
1609,2020
1610,2009
1611,2014
1612,2014
1613,2014
1614,2018
1615,2012
1616,2006
1617,2020
1618,2015
1619,2017
1620,2018
1622,2006
1623,2010
1624,2006
1625,2018
1626,2018
1627,2020
1628,2018
1629,2020
1630,2020
1631,2018
1632,2019
1633,2020
1634,2020
1635,2020
1636,2020
1637,2020
1638,2020
1639,1999
1640,2020
1641,2020
1642,2020
1643,2020
1644,2018
1645,2020
1646,2020
1647,2017
1648,2020
1649,2020
1650,2020
1651,2020
1652,2020
1653,2020
1654,2015
1655,2020
1656,2020
1657,2020
1658,2020
1659,2020
1660,2020
1661,2017
1662,2018
1663,2020
1664,2013
1665,2019
1666,2020
1667,2020
1668,2019
1669,2020
1670,2020
1671,2020
1672,2020
1673,2004
1674,2011
1675,2010
1676,2015
1677,2010
1678,2016
1679,2011
1680,2016
1681,2020
1682,2018
1683,2009
1684,2020
1685,2020
1686,2020
1687,2020
1688,2020
1689,2016
1690,2017
1691,2017
1692,2013
1693,2019
1694,2013
1695,2018
1696,2021
1697,2014
1698,2020
1700,2019
1701,2019
1702,2020
1703,2020
1704,2020
1705,2020
1706,2020
1707,2008
1708,2020
1709,2018
1710,2013
1711,2020
1712,2020
1713,2019
1714,2008
1715,2020
1716,2020
1717,2020
1718,2020
1720,2020
1721,2006
1722,2020
1723,2020
1724,2018
1725,2020
1726,2020
1727,2020
1728,2019
1729,2016
1730,2018
1731,2020
1732,2019
1733,2020
1734,2020
1735,2012
1736,2020
1737,2020
1738,2018
1739,2018
1740,2020
1741,2020
1742,2020
1743,2020
1744,2016
1745,2020
1746,2020
1747,2018
1748,2019
1749,2019
1750,2002
1751,2020
1752,2020
1753,2018
1754,2019
1755,2018
1756,2019
1757,2018
1758,2020
1759,2019
1760,2019
1762,2018
1763,2018
1764,2016
1765,2018
1766,2020
1767,2012
1769,2018
1770,2020
1771,2017
1772,2018
1773,2019
1774,2019
1775,2020
1776,2017
1777,2020
1778,2020
1779,2020
1780,2020
1781,2020
1782,2020
1783,2020
1784,2013
1785,2020
1786,2016
1787,2013
1788,2020
1789,2020
1790,2020
1791,2020
1792,2020
1793,2020
1794,2020
1795,2009
1796,2018
1797,2019
1798,2019
1799,2020
1800,2020
1801,2020
1802,2018
1803,2020
1804,2020
1805,2017
1806,2020
1807,2018
1808,2019
1809,2018
1810,2018
1811,2020
1812,2020
1813,2020
1814,2020
1815,2020
1816,2020
1818,2005
1819,2013
1820,2014
1821,2017
1823,2017
1824,2012
1825,2003
1827,2007
1828,2020
1829,1999
1830,2018
1832,2005
1833,2012
1834,2020
1835,2020
1836,2018
1837,2020
1838,2016
1839,2020
1840,2020
1841,2020
1842,2020
1843,2014
1844,2020
1845,2016
1846,2018
1847,2018
1848,2005
1849,2017
1850,2020
1851,2006
1852,2020
1853,2020
1854,2020
1855,2020
1856,2020
1857,2020
1858,2004
1859,2020
1860,2020
1863,2015
1864,2020
1865,2006
1866,2002
1867,2017
1868,2020
1869,2020
1870,2018
1871,2020
1872,2020
1873,2020
1874,2020
1875,2020
1876,2004
1877,2020
1878,2020
1879,2020
1880,2020
1881,2020
1882,2019
1883,2020
1884,2017
1885,2020
1886,2020
1887,2020
1888,2018
1889,2016
1890,2017
1891,2016
1892,2020
1893,2005
1894,2020
1895,2009
1896,2020
1897,2020
1898,2020
1899,2017
1900,2020
1901,2020
1902,2020
1903,2017
1904,2019
1905,2013
1906,2019
1907,2018
1908,2016
1909,2016
1910,2020
1911,2019
1912,2016
1913,2019
1914,2018
1915,2020
1916,2005
1917,2019
1918,2018
1919,2019
1920,2020
1921,2020
1922,2003
1923,2019
1924,2018
1925,2020
1926,2020
1927,2019
1928,2010
1929,2020
1930,2018
1931,2020
1932,2020
1933,2020
1934,2012
1935,2020
1936,2020
1937,2002
1938,2013
1939,2014
1940,2008
1941,2003
1942,2009
1943,2007
1944,1999
1945,2007
1946,2007
1947,2020
1948,2019
1949,2020
1950,2015
1951,2020
1952,2020
1953,2016
1954,2020
1955,2020
1956,2019
1957,2011
1958,2020
1959,2020
1960,2020
1961,2020
1962,2020
1963,2018
1964,2016
1965,2017
1966,2017
1967,2016
1968,2019
1969,2016
1970,2019
1971,2013
1972,2015
1973,2020
1974,2013
1975,2016
1976,2014
1977,2020
1978,2020
1979,2020
1980,2019
1981,2020
1982,2014
1983,2020
1984,2020
1985,2020
1986,2014
1987,2020
1988,2020
1989,2020
1990,2020
1991,2020
1992,2018
1993,2020
1994,2020
1995,2020
1996,2020
1997,2016
1998,2020
1999,2020
2000,2020
2001,2002
2002,2020
2003,2013
2004,2020
2005,2018
2006,2020
2007,2020
2008,2020
2009,2007
2010,2014
2011,2020
2012,2020
2013,2020
2014,2014
2015,2018
2016,2018
2017,2019
2018,2019
2019,2018
2020,2017
2021,2020
2022,2020
2023,2019
2024,2018
2025,2016
2026,2016
2027,2017
2028,2018
2029,2020
2030,2020
2031,2020
2032,2020
2033,2020
2034,2020
2035,2020
2036,2020
2037,2020
2038,2020
2039,2010
2040,2020
2041,2010
2042,2017
2043,2020
2044,2020
2045,2020
2046,2019
2047,2020
2048,2019
2049,2015
2050,2020
2051,2018
2052,2020
2053,2020
2054,2020
2055,2020
2056,2009
2057,2020
2058,2020
2059,2018
2060,2016
2061,2020
2062,2017
2063,2020
2064,2012
2065,2019
2066,2016
2067,2016
2068,2020
2069,2002
2070,2020
2071,2011
2072,2008
2073,1998
2074,1998
2075,2018
2076,2020
2077,2020
2078,2019
2079,2011
2080,2020
2081,2020
2082,2020
2083,2020
2084,2020
2085,2020
2086,2020
2087,2020
2088,2020
2089,2020
2090,1998
2091,2020
2092,2016
2093,2020
2094,2019
2095,2020
2096,2020
2097,2020
2098,2020
2099,2020
2100,2016
2101,2019
2102,2013
2103,2020
2104,2020
2105,2020
2106,2020
2107,2020
2108,2020
2109,2020
2110,2019
2111,2020
2112,2020
2113,2020
2114,2020
2115,2019
2116,2017
2117,2020
2118,2020
2119,2018
2120,2012
2121,2014
2122,2020
2123,2016
2124,2020
2125,2014
2126,2009
2127,2020
2128,2020
2129,2020
2130,2018
2131,2020
2132,2020
2133,2020
2134,2020
2135,2014
2136,2018
2137,2019
2138,2016
2139,2012
2140,2020
2141,2020
2142,2014
2143,2020
2144,2020
2145,2019
2146,2020
2147,2018
2148,2016
2149,2020
2150,2020
2151,2020
2152,2020
2153,2020
2154,2018
2155,2020
2156,2020
2157,2020
2158,2020
2159,2020
2160,2016
2161,2020
2162,2020
2163,2020
2164,2019
2165,2020
2166,2020
2167,2020
2168,2020
2169,2020
2170,2020
2171,2020
2172,2017
2173,2000
2174,2020
2175,2014
2176,2020
2177,2020
2178,2018
2179,2017
2180,2008
2181,2020
2182,2020
2183,2018
2184,2020
2185,2020
2186,2020
2187,2020
2188,2020
2189,2020
2190,2020
2191,2017
2192,2020
2193,2020
2194,2020
2195,2016
2196,2019
2197,2020
2198,2020
2199,2020
2200,2019
2201,2020
2202,2020
2203,2019
2204,2020
2205,2020
2206,2016
2207,2020
2208,2020
2209,2019
2210,2020
2211,2020
2212,2020
2213,2020
2214,2015
2215,2020
2216,2019
2217,2020
2218,2020
2219,2019
2220,2019
2221,2020
2222,2020
2223,2017
2224,2018
2225,2019
2226,2018
2227,2020
2228,2020
2229,2020
2230,2020
2231,2019
2232,2020
2233,2018
2234,2019
2235,2020
2236,2020
2237,2020
2238,2016
2239,2018
2240,2020
2241,2020
2242,2020
2243,2020
2244,2016
2245,2020
2246,2020
2247,2018
2248,2020
2249,2020
2250,2020
2251,2019
2252,2019
2253,2020
2254,2020
2255,2020
2256,2018
2257,2020
2258,2020
2259,2018
2260,2012
2261,2020
2262,2019
2263,2020
2264,2012
2265,2011
2266,2012
2267,2013
2268,2013
2269,2016
2270,2013
2271,2015
2272,2015
2273,2015
2274,2014
2275,2020
2276,2013
2277,2013
2278,2014
2279,2011
2280,2014
2281,2012
2282,2014
2283,2019
2284,2019
2285,2012
2286,2015
2287,2014
2288,2011
2289,2013
2290,2011
2291,2013
2292,2020
2293,2019
2294,2020
2295,2020
2296,2017
2297,2020
2298,2020
2299,2020
2300,2019
2302,2020
2303,2020
2304,2019
2305,2019
2306,2016
2307,2019
2308,2020
2309,2015
2310,2019
2311,1999
2312,2014
2313,2020
2314,2007
2315,2019
2316,2019
2318,2004
2319,2020
2320,2020
2321,2020
2322,2020
2323,2011
2324,2020
2325,2019
2326,2019
2327,2020
2328,2020
2329,2020
2330,2020
2331,2020
2332,2019
2333,2016
2334,2019
2335,2019
2336,2019
2337,2020
2338,2020
2339,2015
2340,2006
2341,2020
2342,2020
2343,2020
2344,2020
2345,2020
2346,2020
2347,2020
2348,2017
2349,2020
2350,2017
2351,2019
2352,2020
2353,2020
2354,1997
2355,2020
2356,2020
2357,2020
2358,2020
2359,2020
2360,2020
2362,2020
2363,2020
2364,2020
2370,2020
2371,2019
2372,2020
2374,2010
2377,2014
2378,2020
2379,2018
2380,2020
2381,2012
2382,2016
2383,2015
2384,2019
2385,2013
2386,2019
2387,2019
2388,2020
2389,2020
2390,2020
2391,2020
2392,2020
2393,2020
2394,2020
2395,2020
2396,2020
2397,2020
2398,2018
2399,2002
2400,2020
2401,2020
2402,2014
2403,2008
2404,2020
2405,2020
2406,2020
2407,2009
2408,2018
2409,2020
2410,2018
2411,2017
2412,2020
2413,2020
2414,2018
2415,2018
2416,2020
2417,2020
2418,2016
2419,2014
2420,2020
2421,2019
2422,2020
2423,2019
2424,2020
2425,2010
2426,2020
2427,2017
2428,2017
2429,2007
2430,2017
2431,2020
2432,2019
2433,2008
2434,2006
2435,2006
2436,2009
2437,2012
2438,2008
2439,2004
2440,2020
2441,2006
2442,2011
2443,2019
2444,1999
2445,2020
2446,2017
2447,2016
2448,2019
2449,2018
2450,2014
2451,2018
2452,2017
2453,2017
2454,2017
2455,2016
2456,2019
2457,2018
2458,2020
2459,2020
2460,1999
2461,2018
2462,2020
2463,2014
2464,2015
2465,2020
2466,2016
2467,2019
2468,2020
2469,2019
2470,2019
2471,2019
2472,2020
2473,2019
2474,2020
2475,2020
2476,2020
2477,2019
2478,2018
2479,2020
2480,2020
2481,2018
2485,2019
2486,2020
2493,2010
2494,2020
2495,2020
2496,2014
2497,2010
2498,2020
2499,2020
2500,2020
2501,2006
2502,2009
2503,2012
2504,2007
2505,2008
2506,2009
2507,2020
2508,2020
2509,2006
2510,2004
2511,2012
2512,2005
2513,2019
2514,2020
2515,2020
2516,2019
2517,2009
2518,2009
2519,2007
2520,2017
2521,2019
2522,2020
2523,2019
2524,2020
2525,2014
2526,2020
2527,2020
2528,2019
2529,2015
2530,2020
2531,2018
2532,2019
2533,2018
2534,2020
2535,2017
2536,2018
2537,2018
2538,2018
2539,2012
2540,2020
2541,2019
2542,2020
2543,2020
2544,2010
2546,2019
2547,2020
2548,2020
2549,2020
2550,2020
2551,2020
2552,2020
2553,2020
2554,2020
2555,2016
2556,2019
2557,2020
2558,2018
2559,2020
2560,2020
2561,2020
2562,2019
2563,2020
2564,2019
2565,2020
2566,2019
2567,2020
2568,2015
2569,2020
2570,2019
2571,2013
2572,2020
2573,2020
2574,2015
2575,2009
2576,2020
2577,2018
2578,2019
2579,2020
2580,2020
2581,2013
2582,2008
2583,2019
2584,2012
2585,2019
2586,2014
2587,2020
2588,2020
2589,2020
2590,2019
2591,2020
2592,2007
2593,2020
2594,2020
2595,2020
2596,2003
2597,2020
2598,2020
2599,2019
2600,2019
2601,2020
2602,2020
2603,2020
2604,2020
2605,2016
2606,2020
2607,2019
2608,2020
2609,2020
2610,2019
2611,2017
2612,2006
2613,2016
2614,2008
2615,2011
2616,2016
2617,2017
2618,2016
2619,2010
2620,2009
2621,2005
2622,2019
2623,2012
2624,2019
2625,2020
2626,2020
2627,2020
2628,2020
2629,2020
2630,2010
2631,2017
2632,2005
2633,2006
2634,2011
2635,2010
2636,2009
2637,2008
2638,2009
2639,2019
2640,2020
2641,2011
2642,2019
2643,2020
2644,2020
2645,2020
2646,2016
2647,2019
2648,2020
2649,2019
2650,2020
2651,2020
2652,2020
2653,2018
2654,2019
2655,2019
2656,2020
2657,2020
2658,2006
2659,2020
2660,2018
2661,2020
2662,2020
2663,2020
2664,2019
2665,2020
2666,2020
2667,2018
2668,2020
2669,2020
2670,2020
2671,2020
2672,2020
2673,2019
2674,2019
2675,2020
2676,2020
2677,2016
2678,2015
2679,2020
2680,2015
2681,2019
2682,2018
2683,2019
2684,2020
2685,2020
2686,2020
2687,2018
2688,2018
2689,2019
2690,2019
2691,2020
2692,2020
2693,2020
2694,2019
2695,2020
2696,2019
2697,2020
2698,2019
2699,2020
2700,2019
2701,2010
2702,2017
2703,2019
2704,2017
2705,2019
2706,2017
2707,2019
2708,2013
2709,2020
2710,2019
2711,2020
2712,2017
2713,2020
2714,2019
2716,2015
2717,2012
2718,2015
2719,2020
2720,2008
2722,1998
2724,2013
2726,2014
2727,2020
2728,2014
2729,2005
2730,2006
2731,2001
2732,2003
2733,2016
2734,1998
2735,2015
2736,2020
2737,2014
2739,2019
2741,2020
2742,2020
2743,2020
2744,2017
2745,2010
2746,2020
2747,2014
2748,2020
2749,2018
2750,2020
2751,2019
2752,2019
2753,2020
2754,2016
2755,2017
2756,2019
2757,2018
2758,2019
2759,2019
2760,2020
2761,2020
2762,2019
2763,2020
2764,2019
2765,2019
2766,2020
2767,2020
2768,2020
2769,2019
2770,2020
2771,2020
2772,2020
2773,2019
2774,2020
2775,2019
2776,2020
2777,2020
2778,2019
2779,2020
2780,2018
2781,2020
2782,2020
2783,2020
2784,2020
2785,2020
2786,2020
2787,2020
2788,2020
2789,2017
2790,2020
2791,2020
2792,2020
2793,2020
2794,2020
2795,2020
2796,2020
2797,2020
2798,2019
2799,2020
2800,2020
2801,2017
2802,2020
2803,2017
2804,2019
2805,2016
2806,2020
2807,2020
2808,2018
2809,2014
2810,2019
2811,2019
2812,2019
2813,2019
2814,2019
2815,2020
2816,2020
2817,2018
2818,2020
2819,2020
2820,2019
2821,2020
2822,2020
2823,2019
2824,2020
2825,2020
2826,2020
2827,2020
2828,2020
2829,2020
2830,2020
2831,2017
2832,2017
2833,2020
2834,2019
2835,2019
2836,2020
2837,2020
2838,2020
2839,2016
2840,2020
2841,2020
2842,2019
2843,2010
2844,2019
2845,2005
2846,2016
2847,2018
2848,2019
2849,2020
2850,2019
2851,2019
2852,2011
2853,2020
2854,2014
2855,2020
2856,2019
2857,2020
2858,2019
2859,2016
2860,2011
2861,2016
2862,2017
2863,2007
2864,2020
2865,2018
2866,2019
2867,2020
2868,2019
2869,2019
2870,2020
2871,2019
2872,2020
2873,2020
2874,2020
2875,2020
2876,2019
2877,2020
2878,2016
2879,2015
2880,2020
2881,2015
2882,2016
2883,2020
2884,2015
2885,2014
2886,2020
2887,2019
2888,2020
2889,2019
2890,2018
2891,2020
2892,2020
2893,2020
2894,2020
2895,2020
2896,2019
2897,2020
2898,2020
2899,2012
2900,2020
2901,2018
2902,2008
2903,2015
2904,2019
2905,2015
2906,2017
2907,2016
2908,2016
2909,2017
2910,2017
2911,2019
2912,2019
2913,2017
2914,2020
2915,2010
2916,2019
2917,2020
2918,2018
2919,2019
2920,2021
2921,2020
2922,2019
2923,2019
2924,2015
2925,2020
2926,2018
2927,2020
2928,2017
2929,2020
2930,2019
2931,2018
2932,2018
2933,2019
2934,2019
2935,2019
2936,2018
2937,2020
2938,2018
2939,2020
2940,2019
2941,2020
2942,2020
2943,2017
2944,2020
2945,2020
2946,2014
2947,2019
2948,2020
2949,2020
2950,2020
2951,2019
2952,2020
2953,2020
2954,2019
2955,2020
2956,2016
2958,2015
2959,2020
2960,2017
2961,2018
2962,2019
2963,2019
2964,2020
2965,2014
2966,2018
2967,2014
2968,2019
2969,1999
2970,2020
2971,2020
2972,2016
2973,2017
2974,2020
2975,2020
2976,2020
2977,2019
2978,2009
2979,2020
2980,2020
2981,2018
2982,2020
2983,2020
2984,2020
2985,2020
2986,2019
2987,2020
2988,2017
2989,2019
2990,2015
2991,2020
2992,2017
2993,2020
2994,2020
2995,2020
2996,2020
2997,2020
2998,2020
2999,2020
3000,2020
3001,2019
3002,2004
3003,2020
3004,2019
3005,2011
3006,2019
3007,2020
3008,2013
3009,2020
3010,2020
3011,2020
3012,2020
3013,2019
3014,2019
3015,2020
3016,2011
3017,2019
3018,2015
3019,2019
3020,2008
3021,2015
3022,2018
3023,2019
3024,2020
3025,2017
3026,2019
3027,2020
3028,2018
3029,2019
3030,2020
3031,2018
3032,2019
3033,2020
3034,2019
3035,2020
3036,2020
3037,2020
3038,2014
3039,2020
3040,2020
3041,2020
3042,2020
3043,2017
3044,2020
3045,2020
3046,2020
3047,2019
3048,2017
3049,2020
3050,2019
3051,2018
3052,2017
3053,2018
3054,2014
3055,2018
3056,2019
3057,2007
3058,2008
3059,2009
3060,2020
3061,2015
3062,2001
3063,2017
3064,2019
3065,2020
3066,2017
3067,2020
3068,2006
3069,2018
3070,2017
3071,2015
3072,2015
3073,2009
3074,2017
3075,2020
3076,2017
3077,2019
3078,2019
3079,2019
3080,2019
3081,2019
3082,2019
3083,2018
3084,2016
3085,2018
3086,2019
3087,2019
3088,2019
3089,2019
3090,2013
3091,2018
3092,2019
3093,2018
3094,2019
3095,2019
3096,2019
3097,2019
3098,2017
3099,2019
3100,2019
3101,2017
3102,2019
3103,2019
3104,2019
3105,2019
3106,2019
3107,2019
3108,2012
3109,2019
3110,2017
3111,2019
3112,2014
3113,2018
3114,2015
3115,2015
3116,2019
3117,2019
3118,2019
3119,2019
3120,2019
3121,2019
3122,2019
3123,2019
3124,2018
3125,2015
3126,2015
3127,2016
3128,2015
3129,2019
3130,2018
3131,2001
3132,2015
3133,2006
3134,2011
3135,2013
3136,2011
3137,2012
3138,2019
3139,2007
3140,2017
3141,2010
3142,2004
3143,2009
3144,2017
3145,2008
3146,2012
3147,2012
3148,2005
3149,2011
3150,2019
3151,2016
3152,2017
3153,2016
3154,2018
3155,2019
3156,2018
3157,2019
3158,2019
3159,2017
3160,2019
3161,2019
3162,2017
3163,2019
3164,2019
3165,2019
3166,2017
3167,2017
3168,2020
3169,2019
3170,2017
3171,2017
3172,2019
3173,2019
3174,2019
3175,2019
3176,2019
3177,2019
3178,2016
3179,2017
3180,2019
3181,2019
3182,2019
3183,2019
3184,2019
3185,2019
3186,2019
3187,2018
3188,2019
3189,2019
3190,2014
3191,2019
3192,2018
3193,2019
3194,2019
3195,2017
3196,2016
3197,2017
3198,2018
3199,2016
3200,2019
3201,2017
3202,2019
3203,2015
3204,2019
3205,2019
3206,2019
3207,2019
3208,2019
3209,2018
3210,2019
3211,2016
3212,2019
3213,2018
3214,2018
3215,2017
3216,2019
3217,2018
3218,2019
3219,2019
3220,2019
3221,2019
3222,2019
3223,2008
3224,2019
3225,2019
3226,2019
3227,2019
3228,2019
3229,2019
3230,2015
3231,2019
3232,2019
3233,2019
3234,2019
3235,2017
3236,2019
3237,2019
3238,2019
3239,2015
3240,2008
3241,2019
3242,2019
3243,2019
3244,2019
3245,2019
3246,2019
3247,2019
3248,2019
3249,2019
3250,2019
3251,2019
3252,2019
3253,2019
3254,2019
3255,2019
3256,2019
3257,2019
3258,2019
3259,2019
3260,2014
3261,2015
3262,2013
3263,2003
3264,2019
3265,2019
3266,2019
3267,2019
3268,2019
3269,2019
3270,2013
3271,2010
3272,2011
3273,2019
3274,2004
3275,2019
3276,2002
3277,2017
3278,2018
3279,2019
3280,2013
3281,2019
3282,2019
3283,2019
3284,2003
3285,2019
3286,2019
3287,2020
3288,2019
3289,2019
3290,2009
3291,2019
3292,2019
3293,2019
3294,2019
3295,2019
3296,2019
3297,2019
3298,2019
3299,2016
3300,2019
3301,2019
3302,2018
3303,2019
3304,2014
3305,2019
3306,2019
3307,2017
3308,2019
3309,2019
3310,2016
3311,2016
3312,2019
3313,2019
3314,2014
3315,2014
3316,2015
3317,2012
3318,2017
3319,2017
3320,2013
3321,2016
3322,2015
3323,2010
3324,2015
3325,2013
3326,2019
3327,2015
3328,2018
3329,2019
3330,2016
3331,2017
3332,2018
3333,2008
3334,2019
3335,2019
3336,2015
3337,2019
3338,2018
3339,2014
3340,2010
3341,2016
3342,2019
3343,2019
3344,2019
3345,2019
3346,2019
3347,2019
3348,2019
3349,2007
3350,2019
3351,2006
3352,2019
3353,2016
3354,2019
3355,2019
3356,2019
3357,2019
3358,2016
3359,2019
3360,2017
3361,2019
3362,2019
3363,2018
3364,2019
3365,2019
3366,2018
3367,2019
3368,2019
3369,2020
3370,2019
3371,2014
3372,2019
3373,2019
3374,2019
3375,2018
3376,2019
3377,2019
3378,2019
3379,2019
3380,2018
3381,2019
3382,2019
3383,2019
3384,2019
3385,2019
3386,2019
3387,2018
3388,2019
3389,2016
3390,2019
3391,2018
3392,2017
3393,2019
3394,2019
3395,2019
3396,2019
3397,2019
3398,2019
3399,2018
3400,2019
3401,2019
3402,2017
3403,2019
3404,2017
3405,2019
3406,2019
3407,2017
3408,2019
3409,2019
3410,2017
3411,2018
3412,2019
3413,2017
3414,2019
3415,2019
3416,2016
3417,2019
3418,2019
3419,2019
3420,2015
3421,2015
3422,2018
3423,2014
3424,2019
3425,2019
3426,2019
3427,2017
3428,2019
3429,2019
3430,2019
3431,2019
3432,2019
3433,2020
3434,2019
3435,2018
3436,2019
3437,2019
3438,2019
3439,2019
3440,2019
3441,2019
3442,2019
3443,2018
3444,2019
3445,2019
3446,2019
3447,2016
3448,2019
3449,2019
3450,2019
3451,2019
3452,2019
3453,2019
3454,2019
3455,2019
3456,2019
3457,2019
3458,2019
3459,2019
3460,2018
3461,2016
3462,2017
3463,2018
3464,2018
3465,2018
3466,2018
3467,2017
3468,2017
3469,2019
3470,2018
3471,2019
3472,2000
3473,2016
3474,2017
3475,1998
3476,2005
3477,2019
3478,2019
3479,2019
3480,2019
3481,2019
3482,2018
3483,2019
3484,2019
3485,2019
3486,2019
3487,2013
3488,2018
3489,2019
3490,2019
3491,2019
3492,2019
3493,2019
3494,2019
3495,2019
3496,2019
3497,2018
3498,2009
3499,2019
3500,2019
3501,2019
3502,2019
3503,2019
3504,2019
3505,2019
3506,2019
3507,2018
3508,2019
3509,2019
3510,2019
3511,2019
3512,2012
3513,2019
3514,2006
3515,2019
3516,2019
3517,2019
3518,2019
3519,2019
3520,2018
3521,2019
3522,2019
3523,2019
3524,2019
3525,2019
3526,2019
3527,2019
3528,2019
3529,2019
3530,2019
3531,2018
3532,2018
3533,2019
3534,2019
3535,2019
3536,2016
3537,2019
3538,2012
3539,2016
3540,2018
3541,2006
3542,2014
3543,2018
3544,2004
3545,2019
3546,2018
3547,2019
3548,2018
3549,2019
3550,2019
3551,2019
3552,2018
3553,2019
3554,2018
3555,2019
3556,2019
3557,2019
3558,2019
3559,2019
3560,2016
3561,2019
3562,2019
3563,2019
3564,2018
3565,2019
3566,2019
3567,2019
3568,2019
3569,2019
3570,2019
3571,2019
3572,2018
3573,2019
3574,2019
3575,2019
3576,2019
3577,2019
3578,2019
3579,2019
3580,2019
3581,2019
3582,2015
3583,2019
3584,2019
3585,2019
3586,2019
3587,2018
3588,2019
3589,2019
3590,2019
3591,2019
3592,2019
3593,2019
3594,2019
3595,2019
3596,2018
3597,2019
3598,2019
3599,2019
3600,2019
3601,2019
3602,2018
3603,2019
3604,2019
3605,2019
3606,2014
3607,2019
3608,2019
3609,2015
3610,2013
3611,2014
3612,2015
3613,2014
3614,2012
3615,2019
3616,2019
3617,2016
3618,2015
3619,2015
3620,2014
3621,2018
3622,2016
3623,2019
3624,2019
3625,2017
3626,2017
3627,2019
3628,2019
3629,2019
3630,2019
3631,2018
3632,2019
3633,2019
3634,2019
3635,2019
3636,2019
3637,2018
3638,2019
3639,2019
3640,2019
3641,2019
3642,2019
3643,2019
3644,2018
3645,2018
3646,2018
3647,2008
3648,2013
3649,2004
3650,2007
3651,2019
3652,2019
3653,2019
3654,2019
3655,2019
3656,2019
3657,2019
3658,2018
3659,2019
3660,2019
3661,2018
3662,2019
3663,2010
3664,2011
3665,2015
3666,2017
3667,2019
3668,2019
3669,2019
3670,2018
3671,2019
3672,2019
3673,2019
3674,2019
3675,2019
3676,2017
3677,2019
3678,2019
3679,2019
3680,2019
3681,2019
3682,2019
3683,2016
3684,2019
3685,2019
3686,2019
3687,2019
3688,2019
3689,2019
3690,2019
3691,2008
3692,2018
3693,2019
3694,2015
3695,2018
3696,2018
3697,2013
3698,2019
3699,2019
3700,2011
3701,2019
3702,2019
3703,2018
3704,2019
3705,2019
3706,2017
3707,2019
3708,2018
3709,2019
3710,2019
3711,2019
3712,2018
3713,2012
3714,2019
3715,2019
3716,2019
3717,2019
3718,2019
3719,2019
3720,1998
3721,2019
3722,2019
3723,2013
3725,2018
3726,2019
3727,2019
3728,1997
3729,2019
3730,2019
3731,2019
3732,2019
3733,2019
3734,2015
3735,2018
3736,2012
3737,2014
3738,2019
3739,2019
3740,2018
3741,2011
3742,2019
3743,2019
3744,2017
3745,2019
3746,2019
3747,2019
3748,2019
3749,2019
3750,2019
3751,2018
3752,2019
3753,2019
3754,2019
3755,2019
3756,2019
3757,2019
3758,2019
3759,2019
3760,2011
3761,2018
3762,2019
3763,2019
3764,2019
3765,2019
3766,2019
3767,2019
3768,2018
3769,2019
3770,2019
3771,2019
3772,2019
3773,2016
3774,2019
3775,2015
3776,2019
3777,2014
3778,2019
3779,2019
3780,2019
3781,2019
3782,2019
3783,2017
3784,2017
3785,2019
3786,2019
3787,2019
3788,2019
3789,2019
3790,2019
3791,2019
3792,2019
3793,2019
3794,2019
3795,2019
3796,2017
3797,2019
3798,2019
3799,2018
3800,2019
3801,2019
3802,2019
3803,2019
3804,2018
3805,2019
3806,2019
3807,2018
3808,2019
3809,2014
3810,2016
3811,2018
3812,2019
3813,2019
3814,2019
3815,2019
3816,2019
3817,2019
3818,2019
3819,2018
3820,2019
3821,2017
3822,2018
3823,2017
3824,2019
3825,2019
3826,2018
3827,2019
3828,2018
3829,2019
3830,2018
3831,2019
3832,2018
3833,2019
3834,2011
3835,2019
3836,2018
3837,2019
3838,2019
3839,2016
3840,2019
3841,2019
3842,2018
3843,2015
3844,2016
3845,2016
3846,2015
3847,2015
3848,2016
3849,2015
3850,2016
3851,2016
3852,2019
3853,2019
3854,2019
3855,2019
3856,2019
3857,2019
3858,2019
3859,2019
3860,2019
3861,2019
3862,2019
3863,2019
3864,2019
3865,2018
3866,2019
3867,2019
3868,2018
3869,2013
3870,2008
3871,2018
3872,2019
3873,2018
3874,2019
3875,2019
3876,2014
3877,2019
3878,2018
3879,2018
3880,2013
3881,2009
3882,2012
3883,2004
3884,2018
3885,2018
3886,2018
3887,2019
3888,2019
3889,2019
3890,2018
3891,2019
3892,2019
3893,2015
3894,2018
3895,2019
3896,2019
3897,2005
3898,2019
3899,2019
3900,2017
3901,2019
3902,2019
3903,2019
3904,2019
3905,2014
3906,2019
3907,2019
3908,2013
3909,2019
3910,2001
3911,2005
3912,2018
3913,2003
3914,2003
3915,2003
3916,2018
3917,2005
3918,2016
3919,2018
3920,2019
3921,2019
3922,2014
3923,2013
3924,2019
3925,2019
3926,2019
3927,2018
3928,2019
3929,2019
3930,2019
3931,2019
3932,2018
3933,2019
3934,2017
3935,2019
3936,2015
3937,2017
3938,2019
3939,2019
3940,2019
3941,2017
3942,2019
3943,2019
3944,2019
3945,2019
3946,2019
3947,2019
3948,2018
3949,2018
3950,2019
3951,2015
3952,2019
3953,2018
3954,2016
3955,2018
3956,2013
3957,2017
3958,2019
3959,2019
3960,2018
3961,2017
3962,2019
3963,2019
3964,2019
3965,2019
3966,2019
3967,2019
3968,2018
3969,2019
3970,2018
3971,2018
3972,2017
3973,2008
3974,2019
3975,2018
3976,2018
3977,2018
3978,2017
3979,2019
3980,2019
3981,2019
3982,2018
3983,2019
3984,2018
3985,2019
3986,2019
3987,2019
3988,2007
3989,2019
3990,2014
3991,2016
3992,2016
3993,2016
3994,2016
3995,2019
3996,2018
3997,2018
3998,2019
3999,2019
4000,2014
4001,2019
4002,2018
4003,2017
4004,2019
4005,2018
4006,2018
4007,2006
4008,2011
4009,2012
4010,2008
4011,2018
4012,2018
4013,2018
4014,2018
4015,2019
4016,2019
4017,2007
4018,2016
4019,2016
4020,2017
4021,2017
4022,2018
4023,2018
4024,2019
4025,2019
4026,2018
4027,2017
4028,2018
4029,2018
4030,2018
4031,2018
4032,2018
4033,2019
4034,2019
4035,2018
4036,2019
4037,2018
4038,2012
4039,2014
4040,2015
4041,2015
4042,2016
4043,2016
4044,2017
4045,2019
4046,2015
4047,2011
4048,2018
4049,2018
4050,2018
4051,2018
4052,2018
4053,2018
4054,2019
4055,2019
4056,2019
4057,2019
4058,2014
4059,2018
4060,2012
4061,2018
4062,2019
4063,2018
4064,2018
4065,2008
4066,2018
4067,2018
4068,2015
4069,2015
4070,2014
4071,2017
4072,2018
4073,2013
4074,2013
4075,2017
4076,2014
4077,2015
4078,2012
4079,2018
4080,2006
4081,2018
4082,2018
4083,2016
4084,2019
4085,2019
4086,2019
4087,2019
4088,2018
4089,2018
4090,2018
4091,2018
4092,2001
4093,2017
4094,2018
4095,2015
4096,2018
4097,2018
4098,2017
4099,2018
4100,2012
4101,2017
4102,2004
4103,2012
4104,2015
4105,2019
4106,2018
4107,2006
4108,2002
4109,2019
4110,2018
4111,2017
4112,2008
4113,2018
4114,2018
4115,2019
4116,2018
4117,2018
4118,2018
4119,2018
4120,2019
4121,2019
4122,2019
4123,2019
4124,2018
4125,2017
4126,2018
4127,2018
4128,2019
4129,2018
4130,2018
4131,2018
4132,2019
4133,2018
4134,2017
4135,2016
4136,2018
4137,2019
4138,2014
4139,2018
4140,2017
4141,2018
4142,2019
4143,2018
4144,2018
4145,2019
4146,2019
4147,2018
4148,2017
4149,2018
4150,2010
4151,2010
4152,2017
4153,2019
4154,2018
4155,2018
4156,2018
4157,2012
4158,2018
4159,2016
4160,2015
4161,2017
4162,2018
4163,2018
4164,2018
4165,2018
4166,2018
4167,2019
4168,2019
4169,2018
4170,2019
4171,2017
4172,2019
4173,2018
4174,2017
4175,2019
4176,2019
4177,2019
4178,2019
4179,2017
4180,2018
4181,2019
4182,2018
4183,2019
4184,2019
4185,2017
4186,2016
4187,2018
4188,2018
4189,2002
4190,2017
4191,2018
4192,2018
4193,2019
4194,2016
4195,2017
4196,2016
4197,2018
4198,2017
4199,2018
4200,2019
4201,2018
4202,2019
4203,2019
4204,2018
4205,2019
4206,2017
4207,2018
4208,2018
4209,2018
4210,2018
4211,1999
4212,2018
4213,2018
4214,2018
4215,2017
4216,2013
4218,2019
4219,2015
4220,2019
4221,2018
4222,2012
4223,2017
4224,2017
4225,2017
4226,2018
4227,2019
4228,2010
4230,2015
4234,2013
4235,2008
4236,2016
4240,2016
4241,2018
4242,2018
4243,2018
4246,2011
4247,2008
4248,2012
4249,2011
4251,2018
4252,2018
4253,2018
4254,2015
4255,2012
4256,2018
4257,2018
4258,2018
4259,2018
4260,2018
4261,2011
4262,2018
4263,2018
4264,2018
4265,2018
4266,2018
4267,2018
4268,2018
4269,2017
4270,2018
4271,2017
4272,2016
4273,2018
4274,2018
4275,2018
4276,2018
4277,2011
4278,2018
4279,2015
4280,2012
4281,2015
4282,2014
4283,2018
4284,2018
4285,2018
4286,2018
4287,2018
4288,2018
4289,2014
4290,2011
4291,2014
4292,2014
4293,2018
4294,2014
4295,2018
4296,2018
4297,2017
4298,2018
4299,2018
4300,2018
4301,2018
4302,2017
4303,2018
4304,2018
4305,2018
4306,2018
4307,2018
4308,2018
4309,2018
4310,2018
4311,2018
4312,2018
4313,2018
4314,2018
4315,2018
4316,2018
4317,2018
4318,2018
4319,2018
4320,2018
4321,2018
4322,2018
4323,2018
4324,2018
4325,2018
4326,2018
4327,2018
4328,2018
4329,2011
4330,2009
4331,2018
4332,2018
4333,2013
4334,2014
4335,2014
4336,2018
4337,2011
4338,2014
4339,2015
4340,2017
4341,2015
4342,2016
4343,2009
4344,2018
4345,2010
4346,2017
4347,2017
4348,2013
4349,2008
4350,2018
4351,2018
4352,2018
4353,2018
4354,2018
4355,2018
4356,2018
4357,2018
4358,2018
4359,2018
4360,2018
4361,2018
4362,2018
4363,2015
4364,2018
4365,2018
4366,2018
4367,2018
4368,2018
4369,2018
4370,2018
4371,2018
4372,2017
4373,2018
4374,2018
4375,2018
4376,2018
4377,2018
4378,2007
4379,2017
4380,2016
4381,2016
4382,2018
4383,2018
4384,2018
4385,2018
4386,2018
4387,2018
4388,2018
4389,2017
4390,2017
4391,2018
4392,2018
4393,2015
4394,2018
4395,2018
4396,2017
4397,2018
4398,2018
4399,2018
4400,2017
4401,2009
4402,2017
4403,2018
4404,2018
4405,2018
4406,2018
4407,2018
4408,2018
4409,2017
4410,2017
4411,2018
4412,2018
4413,2003
4414,2018
4415,2018
4416,2018
4417,2018
4418,2018
4419,2018
4420,2009
4421,2008
4422,2015
4423,2013
4424,2011
4425,2018
4426,2012
4427,2010
4428,2018
4429,2006
4430,2015
4431,2007
4432,2009
4433,2010
4434,2018
4435,2017
4436,2018
4437,2015
4438,2013
4439,2012
4440,2007
4441,2012
4442,2013
4443,2012
4444,2013
4445,2013
4446,2012
4447,2006
4448,2015
4449,2007
4450,2013
4451,2008
4452,2014
4453,2011
4454,2008
4455,2010
4456,2014
4457,2013
4458,2013
4459,2014
4460,2015
4461,2012
4462,2017
4463,2016
4464,2008
4465,2014
4466,2011
4467,2018
4468,2015
4469,2018
4470,2006
4471,2018
4472,2018
4473,2018
4474,2018
4475,2018
4476,2018
4477,2018
4478,2009
4479,2017
4480,2018
4481,2015
4482,2018
4483,2018
4484,2018
4485,2017
4486,2018
4487,2018
4488,2017
4489,2018
4490,2018
4491,2018
4492,2018
4493,2018
4494,2018
4495,2018
4496,2013
4497,2018
4498,2017
4499,2016
4500,2018
4501,2018
4502,2018
4503,2012
4504,2018
4505,2018
4506,2017
4507,2018
4508,2018
4509,2018
4510,2018
4511,2018
4512,2018
4513,2018
4514,2018
4515,2018
4516,2018
4517,2018
4518,2018
4519,2018
4520,2018
4521,2018
4522,2018
4523,2018
4524,2018
4525,2018
4526,2018
4527,2017
4528,2018
4529,2018
4530,2018
4531,2018
4532,2018
4533,2018
4534,2018
4535,2018
4536,2018
4537,2017
4538,2017
4539,2017
4540,2012
4541,2018
4542,2014
4543,2008
4544,2014
4545,2000
4546,1998
4548,2014
4549,2009
4553,2005
4555,2013
4556,2016
4557,2017
4558,2009
4559,2014
4560,2016
4561,2009
4562,2009
4563,2014
4564,2017
4565,2012
4566,2018
4567,2013
4568,2014
4569,2009
4570,2018
4571,2017
4572,2014
4573,2008
4574,2015
4575,2009
4576,2018
4577,2014
4578,2009
4579,2008
4580,2009
4581,2016
4582,2012
4583,2005
4584,2017
4585,2016
4586,2012
4587,2011
4588,2011
4589,2018
4590,2018
4591,2009
4592,2014
4593,2013
4594,2013
4595,2016
4596,2016
4597,2015
4598,2014
4599,2013
4600,2008
4601,2013
4602,2015
4603,2017
4604,2016
4605,2012
4606,2018
4607,2013
4608,2018
4609,2016
4610,2010
4611,2012
4612,2009
4613,2010
4614,2015
4615,2016
4616,2012
4617,2018
4618,2018
4619,2018
4620,2018
4621,2018
4622,2018
4623,2018
4624,2018
4625,2018
4626,2018
4627,2018
4628,2018
4629,2018
4630,2018
4631,2018
4632,2018
4633,2014
4634,2016
4635,2017
4636,2018
4637,2018
4638,2018
4639,2018
4640,2018
4641,2018
4642,2018
4643,2018
4644,2018
4645,2018
4646,2018
4647,2018
4648,2018
4649,2018
4650,2004
4651,2013
4652,2016
4653,2018
4654,2018
4655,2018
4656,2018
4657,2018
4658,2018
4659,2018
4660,2014
4661,2018
4662,2018
4663,2018
4664,2018
4665,2017
4666,2018
4667,2018
4668,2017
4669,2018
4670,2018
4671,2017
4672,2017
4673,2018
4674,2018
4675,2018
4676,2018
4677,2018
4678,2017
4679,2017
4680,2017
4681,2017
4682,2018
4683,2012
4684,2018
4685,2018
4686,1998
4687,2018
4688,2018
4689,2018
4690,2017
4691,2017
4692,2017
4693,2018
4694,2017
4695,2018
4696,2018
4697,2017
4698,2018
4699,2018
4700,2018
4701,2015
4702,2018
4703,2018
4704,2018
4705,2018
4706,2018
4707,2018
4708,2018
4709,2018
4710,2018
4711,2018
4712,2014
4713,2016
4714,2018
4715,2018
4716,2018
4717,2018
4718,2018
4719,2011
4720,2011
4721,2008
4722,2016
4723,2000
4724,2010
4725,2014
4726,2014
4727,2010
4728,2012
4729,2009
4730,2016
4731,2010
4732,2006
4733,2012
4734,2015
4735,2012
4736,2011
4737,2005
4738,2018
4739,2018
4740,2017
4741,2018
4742,2018
4743,2018
4744,2018
4745,2005
4746,2012
4747,2007
4748,2017
4749,2018
4750,2018
4751,2018
4752,2018
4753,2018
4754,2018
4755,2018
4756,2018
4757,2018
4758,2018
4759,2018
4760,2018
4761,2018
4762,2018
4763,2018
4764,2018
4765,2018
4766,2018
4767,2018
4768,2018
4769,2018
4770,2018
4771,2018
4772,2018
4773,2018
4774,2018
4775,2018
4776,2017
4777,2018
4778,2018
4779,2018
4780,2018
4781,2018
4782,2018
4783,2018
4784,2018
4785,2013
4786,2012
4787,2012
4788,2012
4789,2018
4790,2006
4791,2013
4792,2003
4793,2013
4794,2018
4795,2010
4796,2018
4797,2007
4798,2017
4799,2015
4800,2010
4801,2017
4802,2018
4803,2012
4804,2017
4805,2017
4806,2018
4807,2018
4808,2018
4809,2018
4810,2018
4811,2018
4812,2018
4813,2017
4814,2018
4815,2018
4816,2014
4817,2018
4818,2018
4819,2016
4820,2018
4821,2018
4822,2018
4823,2018
4824,2018
4825,2018
4826,2018
4827,2017
4828,2018
4829,2017
4830,2017
4831,2018
4832,2018
4833,2018
4834,2018
4835,2018
4836,2018
4837,2017
4838,2008
4839,2017
4840,2017
4841,2018
4842,2018
4843,2015
4844,2019
4845,2019
4846,2018
4847,2018
4848,2018
4849,2018
4850,2018
4851,2018
4852,2018
4853,2018
4854,2018
4855,2018
4856,2018
4857,2017
4858,2007
4859,2017
4860,2018
4862,2009
4863,2018
4864,2017
4865,2018
4866,2018
4867,2018
4868,2018
4869,2018
4870,2018
4871,2007
4872,2018
4873,2018
4874,2018
4875,2018
4876,2018
4877,2018
4878,2018
4879,2018
4880,2018
4881,2017
4882,2017
4883,2018
4884,2017
4885,2017
4886,2017
4887,2017
4888,2018
4889,2017
4890,2018
4891,2018
4892,2015
4893,2008
4894,2015
4895,2015
4896,2014
4897,2016
4898,2016
4899,2016
4900,2017
4901,2017
4902,2017
4903,2017
4904,2017
4905,2017
4906,2018
4907,2018
4908,2016
4909,2017
4910,2016
4911,2018
4912,2018
4913,2016
4914,2016
4915,2018
4916,2017
4917,2018
4918,2018
4919,2018
4920,2018
4921,2018
4922,2018
4923,2017
4924,2017
4925,2018
4926,2018
4927,2017
4928,2018
4929,2018
4930,2018
4931,2017
4932,2018
4933,2017
4934,2018
4935,2018
4936,2017
4937,2018
4938,2018
4939,2017
4940,2018
4941,2018
4942,2017
4943,2018
4944,2018
4945,2017
4947,2017
4948,2009
4949,2017
4950,2012
4951,2017
4952,2004
4953,2016
4954,2007
4955,2005
4956,2000
4957,2017
4958,2017
4959,2018
4960,2018
4961,2018
4962,2018
4963,2018
4964,2018
4965,2009
4966,2006
4967,2018
4968,2018
4969,2016
4970,2018
4971,2016
4972,2018
4973,2018
4974,2018
4975,2017
4976,2018
4977,2018
4978,2018
4979,2018
4980,2018
4981,2018
4982,2016
4983,2016
4984,2016
4985,2017
4986,2017
4987,2018
4988,2017
4989,2018
4990,2018
4991,2018
4992,2018
4993,2018
4994,2018
4995,2018
4996,2017
4997,2017
4998,2018
4999,2017
5000,2018
5001,2018
5002,2018
5003,2017
5004,2017
5005,2018
5006,2018
5007,1998
5008,2007
5009,2017
5010,2016
5011,2016
5012,2017
5013,2017
5014,2004
5015,2014
5016,2014
5017,2014
5018,2008
5019,2004
5020,2016
5021,2004
5022,2017
5023,2018
5024,2018
5025,2017
5026,2016
5027,2018
5028,2018
5029,2018
5030,2017
5031,2017
5032,2017
5033,2017
5034,2018
5035,2018
5036,2018
5037,2018
5038,2017
5039,2018
5040,2018
5041,2018
5042,2018
5043,2018
5044,2018
5045,2018
5046,2017
5047,2018
5048,2018
5049,2018
5050,2017
5051,2017
5052,2017
5053,2017
5054,2016
5055,2017
5056,1998
5057,2016
5058,2017
5059,2018
5060,2018
5061,2018
5062,2018
5063,2018
5064,2017
5065,2017
5066,2018
5067,2018
5068,2017
5069,2018
5070,2017
5071,2018
5072,2018
5073,2018
5074,2017
5075,2017
5076,2018
5077,2017
5078,2018
5081,2017
5082,2018
5083,2017
5084,2018
5085,2017
5086,2018
5087,2018
5088,2017
5089,2016
5090,2017
5091,2016
5092,2018
5093,2017
5094,2017
5095,2003
5096,2010
5097,2018
5098,2000
5099,2017
5100,2017
5101,2017
5102,2016
5103,2017
5104,2017
5105,2015
5106,2017
5107,2017
5108,2017
5109,2017
5110,2017
5111,2017
5112,2017
5113,2017
5114,2017
5115,2017
5116,2016
5117,2017
5118,2017
5119,2017
5120,2015
5121,2017
5122,2017
5123,2017
5124,2015
5125,2017
5126,2017
5127,2017
5128,2016
5129,2017
5132,2006
5133,2017
5134,2017
5135,2017
5136,2017
5137,2017
5138,2017
5139,2015
5140,2017
5141,2017
5142,2017
5143,2017
5144,2017
5145,2015
5146,2016
5147,2017
5148,2017
5149,2017
5150,2017
5151,2017
5152,2017
5153,2016
5154,2017
5155,2017
5156,2017
5157,2017
5158,2017
5159,2017
5160,2017
5161,2017
5162,2017
5163,2017
5164,2017
5165,2017
5166,2017
5167,2017
5168,2017
5169,2014
5170,2015
5171,2017
5172,2017
5173,2017
5174,2017
5175,2017
5176,2017
5177,2017
5178,2017
5179,2002
5180,2017
5181,2016
5182,2017
5183,2017
5184,2015
5185,2017
5187,2016
5188,2016
5189,2016
5190,2017
5191,2010
5192,2007
5193,2009
5194,2008
5195,2009
5196,2017
5197,2016
5198,2017
5199,2017
5200,2017
5201,2017
5202,2016
5203,2015
5204,2017
5205,2017
5206,2017
5207,2017
5208,2017
5209,2017
5210,2017
5211,2017
5212,2017
5213,2017
5214,2017
5215,2016
5216,2012
5217,2017
5218,2015
5219,2017
5221,2015
5222,2016
5223,2016
5224,2017
5225,2017
5226,2017
5227,2017
5228,2016
5229,2017
5230,2017
5231,2017
5232,2017
5233,2017
5234,2017
5235,2012
5236,2016
5237,2017
5238,2017
5239,2016
5240,2017
5241,2016
5242,2012
5243,2016
5244,2004
5245,2000
5246,2013
5247,2009
5248,2016
5249,2017
5250,2017
5251,2017
5252,2017
5253,2017
5254,2015
5255,2017
5256,2017
5257,2017
5258,2017
5259,2014
5260,2015
5261,2017
5262,2017
5263,2017
5264,2014
5265,2017
5266,2017
5267,2016
5268,2017
5269,2017
5270,2017
5271,2017
5272,2017
5273,2017
5274,2017
5275,2017
5276,2017
5277,2017
5278,2016
5279,2017
5280,2017
5281,2017
5282,2016
5283,2017
5284,2016
5285,2017
5286,2016
5287,2016
5288,2017
5289,2017
5291,2017
5292,2012
5293,2013
5294,2006
5297,2017
5298,2007
5301,2017
5302,2017
5305,2017
5306,2016
5307,2017
5308,2016
5310,2016
5311,2016
5312,2016
5313,2017
5314,2016
5315,2017
5316,2016
5317,2017
5318,2017
5319,2017
5320,2017
5321,2017
5322,2011
5323,2017
5324,2013
5325,2017
5326,2015
5327,2017
5328,2017
5329,2017
5330,2015
5331,2017
5332,2015
5333,2017
5334,2017
5335,2017
5336,2017
5337,2015
5338,2015
5339,2015
5340,2015
5341,2016
5342,2017
5343,2017
5344,2017
5345,2017
5346,2017
5347,2011
5348,2016
5349,2014
5350,2015
5351,2016
5352,2016
5353,2016
5354,2016
5355,2014
5356,2016
5357,2017
5358,2016
5359,2016
5360,2017
5361,2016
5362,2011
5363,2013
5364,2015
5365,2012
5366,2009
5367,2017
5368,2017
5369,2017
5370,2016
5371,2017
5372,2017
5373,2017
5374,2017
5375,2017
5376,2017
5377,2017
5378,2014
5379,2014
5380,2017
5381,2017
5382,2015
5383,2012
5384,2012
5385,2017
5386,2008
5387,2012
5388,2016
5389,2011
5390,2014
5392,2012
5393,2010
5394,2018
5395,2016
5397,2015
5398,2013
5399,2014
5401,2014
5402,2016
5403,2011
5404,2016
5405,2009
5406,2012
5407,2014
5409,2014
5410,2012
5411,2016
5412,2017
5413,2017
5414,2017
5415,2017
5416,2017
5417,2015
5418,2017
5419,2017
5420,2016
5421,2017
5422,2014
5423,2017
5424,2017
5425,2016
5426,2017
5427,2017
5428,2017
5429,2017
5430,2017
5431,2017
5432,2017
5433,2016
5434,2016
5435,2017
5436,2016
5437,2015
5438,2016
5439,2017
5440,2017
5441,2017
5442,2016
5443,2016
5444,2016
5445,2017
5446,2017
5448,2017
5449,2016
5450,2017
5451,2017
5452,2015
5453,2016
5454,2017
5456,2017
5457,2015
5458,2016
5459,2015
5462,1998
5463,2016
5464,2016
5465,2016
5466,2017
5467,2011
5468,2017
5469,2017
5470,2017
5471,2017
5472,2017
5473,2017
5474,2016
5475,2017
5476,2017
5477,2017
5478,2017
5479,2017
5480,2017
5483,2016
5484,2010
5486,2016
5487,2016
5488,2017
5489,2017
5490,2017
5491,2017
5492,2017
5493,2017
5494,2017
5495,2017
5496,2017
5497,2017
5498,2016
5501,2016
5502,2016
5503,2017
5504,2017
5505,2015
5506,2016
5507,2016
5508,2017
5509,2015
5510,2010
5511,2017
5512,2017
5513,2015
5514,2017
5515,2016
5516,2016
5517,2016
5518,2017
5519,2016
5520,2017
5521,2017
5522,2017
5523,2017
5524,2017
5525,2017
5526,2014
5527,2014
5528,2016
5529,2017
5530,2016
5531,2016
5532,2016
5533,2017
5534,2016
5535,2016
5536,2017
5537,2016
5538,2017
5539,2016
5540,2017
5541,2017
5542,2005
5543,2016
5544,2016
5546,2015
5547,2014
5548,2010
5550,2017
5551,2016
5552,2016
5553,2016
5554,2017
5555,2016
5556,2017
5557,2017
5558,2017
5559,2017
5560,2016
5561,2017
5562,2017
5563,2015
5564,2016
5565,2017
5566,2017
5567,2015
5568,2016
5569,2017
5571,2001
5572,2006
5573,2016
5574,2001
5575,2016
5576,2017
5577,2016
5578,2017
5579,2017
5580,2016
5581,2013
5582,2017
5583,2010
5584,2016
5585,2016
5586,2017
5587,2016
5588,2015
5589,2015
5590,2017
5591,2017
5592,2016
5593,2015
5594,2017
5595,2016
5596,2016
5597,2016
5598,2013
5599,2016
5600,2015
5601,2016
5602,2010
5603,2016
5604,2016
5605,2015
5606,2017
5607,2017
5608,2016
5609,2017
5610,2016
5611,2017
5613,2017
5614,2017
5615,2014
5616,2015
5617,2014
5618,2015
5619,2016
5620,2016
5621,2014
5622,2017
5623,2015
5624,2016
5625,2017
5626,2016
5627,2017
5628,2017
5629,2016
5630,2017
5631,2017
5632,2008
5633,2014
5634,2014
5635,2014
5636,2016
5637,2017
5638,2015
5639,2017
5640,2017
5641,2016
5642,2017
5643,2013
5644,2016
5645,2016
5646,2017
5647,2016
5648,2007
5649,2011
5650,1999
5651,2016
5652,2016
5653,2016
5654,2016
5655,2016
5656,2016
5657,2016
5658,2018
5659,2016
5660,2016
5661,2016
5662,2016
5663,2016
5664,2015
5665,2012
5666,2015
5667,2012
5668,2012
5669,2011
5670,2016
5671,2012
5672,2001
5673,2012
5674,2012
5675,2012
5676,2016
5677,2017
5678,2016
5679,2016
5680,2016
5681,2015
5682,2016
5683,2016
5684,2016
5685,2016
5686,2015
5687,2016
5688,2016
5689,2016
5690,2016
5691,2016
5692,2016
5693,2016
5694,2016
5695,2016
5696,2014
5697,2013
5698,2015
5699,2016
5700,2015
5701,2015
5702,2016
5703,2016
5705,2016
5706,2016
5707,2016
5708,2016
5709,2016
5710,2012
5711,2016
5712,2012
5713,2016
5714,2016
5715,2016
5716,2016
5717,2016
5718,2012
5719,2016
5720,2009
5721,2016
5722,2015
5723,2016
5724,2016
5725,2016
5726,2015
5727,2011
5728,2013
5729,2013
5730,2013
5731,2012
5732,2012
5733,2016
5734,2016
5735,2015
5736,2016
5737,2016
5738,2016
5739,2016
5740,2016
5741,2016
5742,2016
5743,2016
5744,2016
5745,2016
5746,2016
5747,2012
5748,2008
5749,2010
5750,2015
5751,2006
5752,2015
5753,2008
5754,2016
5755,2016
5756,2016
5757,2016
5758,2016
5759,2016
5760,2016
5761,2016
5762,2015
5763,2015
5764,2016
5765,2015
5766,2014
5767,2010
5768,2014
5769,2012
5770,2016
5771,2015
5772,2015
5773,2016
5774,2015
5775,2016
5776,2016
5777,2015
5778,2015
5779,2016
5780,2013
5781,2015
5782,2016
5783,2016
5784,2016
5785,2016
5786,2016
5787,2016
5788,2016
5789,2016
5790,2016
5791,2016
5792,2016
5793,2016
5794,2010
5795,2016
5796,2012
5797,2016
5798,2016
5799,2016
5800,2016
5801,2015
5802,2008
5803,2011
5804,2016
5805,2010
5806,2015
5807,2016
5808,2016
5809,2016
5810,2016
5811,2001
5812,2015
5813,2015
5814,2010
5815,2005
5816,2009
5817,2012
5818,2014
5819,2016
5820,2011
5822,2005
5823,2008
5824,2008
5825,2016
5826,2008
5827,2016
5828,2016
5829,2016
5830,2016
5831,2016
5832,2015
5833,2016
5834,2016
5835,2016
5836,2016
5837,2015
5838,2016
5839,2016
5840,2016
5841,2015
5842,2016
5843,2016
5844,2016
5845,2016
5846,2016
5847,2016
5848,2016
5849,2016
5850,2016
5851,2016
5852,2016
5853,2015
5854,2007
5855,2012
5856,2016
5857,2016
5858,2015
5859,2016
5860,2016
5861,2016
5862,2016
5863,2014
5864,2016
5865,2015
5866,2016
5867,2016
5868,2016
5869,2016
5870,2012
5871,2016
5872,2016
5873,2008
5874,2010
5875,2016
5876,2015
5877,2014
5878,2015
5879,2015
5880,2015
5881,2015
5882,2015
5883,2015
5884,2015
5885,2015
5886,2015
5887,2015
5888,2015
5889,2015
5890,2015
5891,2015
5892,2015
5893,2015
5894,2015
5895,2014
5896,2015
5897,2014
5898,2015
5899,2015
5900,2015
5901,2015
5902,2015
5903,2014
5904,2015
5905,2015
5906,2015
5907,2015
5909,2014
5910,2015
5911,2015
5912,2015
5913,2015
5914,2011
5915,2015
5916,2015
5917,2015
5918,2015
5919,2015
5920,2014
5921,2014
5922,2014
5923,1998
5924,2014
5925,2014
5926,2014
5927,2014
5928,2014
5929,2014
5930,2014
5931,2014
5932,2013
5933,2013
5934,2014
5935,2013
5936,2013
5937,2013
5938,2013
5939,2007
5940,2013
5941,2011
5953,2000
5954,2010
5955,2009
5956,2007
5957,2006
5958,2009
5959,2008
5960,1997
5961,2019
5962,2008
5963,2014
5964,2018
5965,2018
5966,2019
5967,2017
5968,2018
5969,2017
5970,2017
5971,2015
5972,2020
5973,2018
5974,2016
5975,2017
5976,2010
5977,2005
5978,2013
5979,2014
5980,2017
5981,2008
5982,2018
5983,2016
5984,2017
5985,2017
5986,2014
5987,2015
5988,2014
5989,2017
5990,2010
5991,2018
5992,2006
5993,2009
5994,2019
5995,2018
5996,2013
5997,2015
5998,2018
5999,2016
6000,2013
6001,2018
6002,2016
6003,2017
6004,2018
6005,2017
6006,2000
6007,2003
6008,2015
6009,2016
6010,2018
6011,2016
6012,2011
6014,2017
6015,2015
6016,2017
6017,2014
6018,2004
6019,2011
6020,2012
6021,2017
6022,2014
6023,2017
6024,2019
6025,2018
6026,2016
6027,2017
6028,2016
6029,2016
6033,2015
6034,2016
6035,2016
6036,2012
6037,2013
6038,2017
6039,2013
6040,2019
6041,2011
6042,2016
6043,2018
6044,2010
6045,2012
6046,2014
6047,2014
6048,2017
6049,1998
6050,2015
6051,2015
6052,2013
6053,2011
6054,2011
6055,2016
6056,2011
6057,2009
6058,2015
6059,2015
6061,2012
6062,2002
6063,2008
6064,2017
6065,2018
6066,2013
6067,2015
6068,2019
6069,2018
6070,2011
6071,2017
6072,2013
6073,2011
6074,2010
6075,2010
6076,2015
6077,2012
6078,2016
6079,2017
6080,2012
6081,2002
6082,2015
6083,2016
6084,2015
6085,2007
6086,2012
6087,2010
6088,2018
6089,2018
6090,2014
6091,2013
6092,2017
6093,2018
6094,2013
6095,2012
6096,2018
6097,2008
6098,2012
6099,2018
6100,2017
6101,2010
6102,2015
6103,2006
6104,2012
6105,2014
6106,2015
6107,2004
6108,2017
6109,2016
6110,2018
6112,2017
6113,2018
6114,2016
6115,2018
6117,2019
6118,2016
6119,2018
6120,2006
6121,2018
6122,2016
6123,2001
6124,2013
6125,2014
6126,2014
6127,2017
6128,2019
6129,2015
6131,2011
6132,2014
6133,2016
6134,2017
6135,1999
6136,2017
6137,2017
6138,2017
6139,2018
6140,2018
6141,2019
6142,2014
6143,1998
6144,2016
6145,2018
6146,2015
6147,2000
6148,2019
6149,2015
6150,2013
6153,1999
6154,2000
6155,2012
6156,2012
6157,2018
6158,2014
6159,2017
6160,2017
6161,2018
6162,2015
6163,2001
6164,2003
6165,2015
6166,2018
6167,2018
6168,2013
6169,2016
6170,2016
6171,2018
6172,2017
6173,2018
6174,2018
6175,2018
6176,2007
6177,2012
6178,2017
6179,2016
6180,2011
6181,2015
6182,2015
6183,2018
6184,2011
6185,2011
6186,2011
6187,2014
6188,1997
6189,2019
6190,2016
6191,2016
6192,2018
6193,2012
6194,2016
6195,2014
6196,2016
6198,2016
6199,2014
6200,2018
6201,2017
6202,2016
6203,2013
6204,2005
6205,2006
6206,2016
6207,2016
6208,2014
6209,2019
6210,2015
6212,2003
6213,2014
6214,2017
6215,2016
6216,2013
6217,2006
6218,2019
6219,2016
6221,2001
6222,2004
6223,2017
6224,2015
6225,2017
6226,2015
6227,2010
6228,2016
6229,2002
6230,2009
6231,2015
6232,2009
6233,2017
6234,2013
6235,2010
6236,2015
6237,2015
6238,2016
6239,2010
6240,2011
6241,2016
6242,2012
6243,2017
6244,2015
6245,2013
6247,1998
6249,2016
6250,2017
6251,2018
6252,2015
6253,2016
6256,2015
6257,2016
6258,2018
6259,2013
6260,1997
6261,2013
6262,2010
6263,2015
6264,2016
6265,2016
6268,2008
6269,2016
6270,2007
6271,2008
6272,2016
6273,2015
6274,2017
6275,2015
6276,2010
6277,2016
6278,2015
6279,2016
6280,2016
6281,2016
6282,2019
6283,2004
6285,2012
6286,2019
6287,2014
6288,2017
6289,2005
6290,2010
6291,2009
6292,2013
6293,2018
6294,2013
6295,2015
6296,2006
6297,2018
6298,2007
6299,2003
6300,2017
6301,1997
6302,2017
6303,1999
6304,2017
6305,2002
6306,2018
6307,2017
6308,2017
6309,2002
6310,2010
6311,2000
6312,2018
6313,2017
6314,2015
6315,2018
6316,2017
6317,2016
6318,2016
6319,2018
6320,2012
6321,2019
6322,2001
6323,2014
6324,2015
6325,2018
6326,2017
6327,2007
6328,2017
6329,2013
6330,2015
6331,2018
6332,2016
6333,2015
6334,2017
6335,2016
6336,2016
6337,2001
6338,2013
6339,2013
6340,2016
6341,2017
6342,2013
6343,1999
6344,2010
6345,2017
6346,2018
6348,2015
6349,2017
6351,2018
6352,2016
6353,2017
6354,2008
6355,2017
6356,2015
6357,2016
6359,2003
6360,2016
6361,2017
6362,2017
6363,2016
6364,2013
6365,2017
6366,2013
6367,2016
6368,2016
6369,2018
6370,2007
6371,2013
6372,2016
6373,2014
6374,2015
6375,2018
6376,2005
6377,2017
6378,2015
6379,2009
6380,2017
6381,2016
6382,2016
6383,2017
6384,2017
6385,2013
6386,2018
6387,2016
6388,2018
6389,2017
6390,2010
6391,2017
6392,2018
6393,2012
6394,2017
6396,2016
6397,2016
6398,2017
6399,2014
6400,2016
6401,2009
6402,2018
6403,2015
6404,2018
6405,2017
6406,2017
6407,2016
6408,2014
6409,2016
6410,2017
6411,2014
6412,2014
6413,2012
6414,1998
6416,2016
6417,2019
6418,2017
6419,2016
6420,2012
6421,2008
6422,2015
6424,2009
6425,2012
6426,2015
6427,2006
6430,2015
6432,2015
6433,2010
6434,2018
6435,2016
6436,2012
6437,2000
6438,2014
6439,2010
6440,2000
6441,2017
6442,2010
6443,2018
6444,2016
6445,2017
6446,2005
6447,2003
6449,2013
6450,1997
6451,2016
6452,2017
6453,2016
6454,2015
6455,2016
6457,2017
6458,2012
6459,1999
6460,2017
6461,2018
6462,2018
6463,2018
6464,2019
6465,2017
6466,2005
6467,2018
6470,2017
6471,2017
6472,2012
6474,2009
6475,2017
6476,2014
6477,2018
6478,2012
6479,2015
6480,2004
6481,2018
6482,2006
6483,2017
6484,2017
6486,2009
6487,2016
6488,2002
6489,2016
6490,2018
6491,2019
6492,2010
6494,2018
6495,2012
6497,2006
6498,2017
6499,2017
6500,2013
6501,2012
6502,2014
6503,2008
6504,2015
6505,2016
6506,2017
6507,2016
6508,2016
6509,2016
6510,2005
6511,2007
6512,2017
6513,2017
6514,1999
6515,2016
6516,2015
6517,2008
6518,2016
6519,2016
6520,2018
6521,2017
6522,2002
6523,2016
6524,2018
6525,2016
6526,2013
6527,2014
6528,2017
6529,2014
6530,2008
6531,2014
6532,2018
6534,2017
6535,2016
6536,2009
6537,2018
6538,2017
6539,2016
6540,2004
6541,2016
6542,2017
6543,2000
6544,2017
6545,2013
6546,2015
6547,2015
6550,2003
6551,2019
6552,2015
6553,2017
6554,2015
6555,2013
6556,2013
6557,2017
6558,2016
6559,2016
6560,2012
6561,2015
6562,1997
6563,2015
6564,2016
6565,2016
6566,2015
6567,2003
6568,2015
6569,2016
6571,2017
6572,2017
6573,2017
6574,2018
6575,2015
6576,2018
6577,2006
6578,2018
6579,2016
6580,2016
6581,2012
6582,2011
6583,2010
6584,2017
6585,2017
6586,2017
6587,2016
6588,2002
6589,2016
6590,2018
6591,2014
6592,2018
6594,2018
6595,2017
6596,2017
6597,2016
6598,2019
6599,2016
6600,2017
6601,2017
6602,2004
6603,2013
6604,2007
6605,2018
6606,2017
6607,2017
6608,2015
6609,2002
6610,2002
6611,2007
6612,2010
6613,2016
6615,2017
6616,2017
6617,2009
6618,2017
6620,2016
6621,2019
6622,2014
6623,2019
6624,2015
6625,2015
6626,2010
6627,2015
6628,2016
6629,2017
6630,2016
6631,2016
6632,2016
6633,1997
6634,2005
6635,2013
6637,2008
6638,2017
6639,2003
6640,2018
6642,2015
6643,2000
6644,2017
6645,2018
6646,2016
6647,2017
6648,2017
6649,2017
6650,2018
6651,2015
6652,2015
6653,2014
6654,2003
6655,2003
6656,2016
6657,2014
6658,2014
6659,2015
6660,2018
6661,2015
6662,2010
6663,2009
6664,2010
6666,2018
6667,2015
6668,2009
6669,2004
6670,2012
6671,2013
6672,2008
6673,2010
6675,2017
6676,2010
6677,2017
6678,2017
6679,2016
6680,2006
6681,2016
6682,2019
6683,2014
6684,2015
6685,2016
6686,2015
6687,2016
6688,2016
6689,2016
6690,2017
6691,2014
6692,2006
6693,2018
6694,2002
6695,2016
6696,2012
6697,2018
6698,2013
6699,2016
6700,2018
6702,2015
6703,2002
6706,2016
6707,2018
6708,2018
6709,2019
6710,2007
6711,1997
6712,2019
6713,2019
6714,2014
6715,2001
6716,2015
6717,2011
6718,2008
6720,2013
6721,2012
6722,2001
6723,2019
6724,2006
6725,2010
6726,2011
6727,2014
6728,2009
6729,2017
6730,2017
6731,2009
6732,2015
6733,2011
6734,2019
6735,1998
6736,2017
6737,2015
6738,2019
6739,2014
6740,2017
6741,2016
6742,2017
6743,1998
6744,2015
6745,2017
6747,2015
6748,2008
6749,2016
6750,2015
6751,2017
6752,2015
6753,2000
6754,2003
6755,2006
6756,2016
6757,2013
6758,2018
6759,2017
6760,2016
6761,2017
6762,2015
6763,2015
6764,2019
6766,2014
6767,2008
6768,2016
6769,2018
6770,2016
6772,2017
6773,2017
6774,2011
6775,2015
6776,2010
6777,2015
6778,2012
6779,2019
6780,2018
6782,2017
6783,2017
6785,2016
6786,2018
6787,2016
6788,2011
6789,2011
6790,2008
6791,2016
6793,2007
6794,2012
6795,2003
6796,2018
6797,2007
6799,2015
6800,2016
6801,2015
6802,2019
6803,2017
6804,2009
6805,2016
6806,2003
6807,2017
6808,2010
6809,2016
6810,2011
6811,2011
6812,2011
6813,2008
6814,2015
6815,2016
6816,2019
6817,2017
6818,2009
6819,2017
6820,2018
6821,2013
6822,2016
6823,2017
6824,2009
6825,2014
6826,2002
6827,2013
6828,2009
6829,2011
6830,2016
6831,2016
6832,2018
6833,2017
6834,2015
6835,2016
6836,2016
6837,2003
6838,2011
6839,2010
6840,2014
6841,2017
6842,2008
6843,2005
6845,2017
6846,2013
6847,2007
6848,2014
6849,2012
6850,2013
6851,1997
6852,2005
6854,2012
6855,2013
6856,2012
6857,2010
6858,2018
6859,2016
6860,2017
6861,2014
6862,2018
6863,2017
6865,2013
6867,2019
6868,2017
6869,2016
6870,2006
6871,2016
6872,2018
6873,2015
6874,2016
6875,2014
6876,2019
6877,2012
6878,2005
6879,2014
6881,2017
6882,2011
6883,2018
6884,2001
6885,2012
6886,2003
6887,2015
6888,2008
6889,2017
6890,2013
6891,2013
6892,2017
6894,2016
6895,2017
6896,2015
6897,2016
6898,2016
6899,2016
6900,2015
6901,2008
6902,2015
6903,2015
6904,2013
6905,2013
6906,2016
6907,2010
6908,2014
6909,2007
6910,2009
6911,2015
6912,2000
6914,2017
6915,2017
6916,2013
6917,2015
6918,2017
6919,2013
6920,2017
6921,2014
6922,2016
6923,2015
6924,2015
6925,2015
6926,2005
6927,2008
6928,2004
6929,2015
6930,2014
6931,2010
6932,2017
6933,2015
6934,2016
6935,2014
6936,1999
6937,2015
6938,2017
6939,2018
6940,2017
6941,2015
6942,2016
6943,2011
6944,2015
6945,2018
6946,2018
6947,1998
6948,2017
6949,2001
6950,2017
6951,2018
6952,2016
6953,2015
6954,2015
6955,2016
6956,2016
6957,2004
6958,2013
6959,2018
6961,2016
6962,1997
6963,2018
6964,2017
6965,2015
6966,2010
6967,2016
6968,2015
6969,2016
6971,2016
6972,2015
6973,2010
6974,2015
6975,2017
6976,2016
6977,2005
6978,2016
6979,2017
6980,2015
6981,2016
6982,2006
6983,2015
6984,2016
6985,2016
6986,2008
6987,2010
6988,2017
6989,2019
6990,2011
6991,2018
6992,2011
6993,2018
6994,2018
6995,2017
6996,2015
6997,2013
6998,2016
6999,2013
7000,2016
7001,2017
7002,2017
7003,2016
7004,2016
7005,2007
7006,2017
7008,2018
7009,2012
7010,2016
7011,2016
7012,2017
7013,2000
7014,2017
7015,1997
7016,2015
7017,2018
7019,2016
7020,2012
7021,2009
7022,1999
7023,2006
7024,2011
7025,2014
7026,2010
7027,2015
7028,2015
7029,2011
7030,2016
7031,2018
7032,2005
7033,2018
7034,2016
7035,2010
7036,2016
7037,2017
7038,2018
7039,2016
7040,2016
7041,2015
7042,2018
7043,2016
7044,2011
7045,2017
7046,2014
7047,2016
7048,2015
7049,2013
7050,2019
7051,2016
7052,2014
7053,2010
7054,2014
7055,2008
7056,2013
7057,2009
7059,2012
7060,2017
7061,2017
7062,2014
7063,2019
7064,2017
7065,2017
7066,2015
7067,2018
7068,2014
7069,2015
7070,2008
7074,2016
7075,2013
7076,2016
7077,2009
7078,2008
7079,2005
7080,2017
7081,2015
7082,2017
7083,2018
7084,2013
7085,2007
7086,2016
7087,2015
7088,2004
7089,2003
7090,2002
7091,2009
7092,2018
7093,2017
7094,2006
7095,2010
7096,2018
7097,2014
7098,2011
7099,2015
7100,2014
7101,2015
7102,2013
7104,2012
7105,2015
7106,2017
7107,2014
7108,2018
7109,2006
7110,2013
7111,2018
7112,2016
7113,1997
7114,2015
7115,2009
7116,2014
7117,2013
7118,2012
7119,2016
7120,2008
7121,2001
7123,2019
7124,2015
7125,2008
7126,2014
7127,2018
7128,2016
7129,2009
7131,2017
7132,2011
7134,2017
7135,2005
7136,2012
7137,2013
7138,2017
7139,2018
7140,2015
7141,2017
7142,2015
7143,2016
7144,1997
7145,2011
7146,2017
7147,2009
7148,2014
7149,2011
7150,2005
7151,2015
7152,2005
7154,2011
7155,2012
7156,2002
7157,2013
7158,2017
7159,2015
7161,2017
7162,2016
7163,2016
7164,2014
7165,2010
7166,2016
7167,2017
7168,2017
7169,2008
7170,2001
7172,2006
7173,2017
7174,2005
7176,2014
7178,2011
7179,2013
7180,2010
7181,2017
7182,2017
7184,2018
7185,2013
7186,2006
7187,2011
7189,2003
7190,2018
7191,2017
7192,2016
7194,2015
7195,2015
7196,2010
7197,2003
7198,2004
7199,2016
7200,2015
7201,2016
7202,2011
7204,2010
7205,2016
7206,2014
7207,2015
7208,2005
7209,2018
7211,2017
7212,2015
7213,1997
7214,2016
7215,2017
7216,2013
7217,2015
7218,2015
7220,2009
7221,2016
7222,2014
7223,2012
7225,2014
7226,2009
7227,2013
7228,2016
7229,2012
7230,2017
7231,2017
7232,2010
7233,2013
7234,2015
7235,2019
7236,2013
7237,2017
7238,2017
7239,2004
7240,2010
7241,2010
7242,2017
7243,2017
7244,1998
7245,2014
7246,2012
7247,2000
7248,2017
7249,2004
7250,2016
7251,2017
7253,2016
7254,2012
7255,2016
7256,2017
7257,2010
7258,2016
7259,2016
7260,2011
7261,2016
7262,2006
7263,2018
7264,2015
7265,2010
7266,2011
7267,2017
7268,2015
7269,2019
7270,2015
7271,2010
7272,2017
7273,2014
7274,2010
7275,2003
7276,2011
7277,2011
7278,2011
7279,2018
7280,2017
7281,2014
7282,2010
7283,2017
7285,2017
7286,2010
7287,2017
7288,2018
7289,2018
7290,2016
7291,2017
7292,2013
7293,2016
7295,2014
7296,2018
7297,2014
7298,2014
7299,2018
7300,2009
7301,2014
7302,2018
7303,1997
7304,2018
7306,2015
7307,2012
7308,2012
7309,2013
7312,2015
7313,2016
7314,2016
7315,2016
7316,2000
7317,2018
7318,2019
7319,2019
7320,2016
7321,2017
7322,2014
7323,2016
7324,2017
7325,2013
7326,1998
7327,2013
7328,2012
7329,2017
7331,2016
7333,2015
7334,2017
7336,2015
7337,2015
7338,2015
7339,2017
7340,2012
7341,2017
7342,2015
7343,2015
7344,2019
7345,2010
7346,2017
7348,2012
7349,2016
7350,2018
7351,2011
7352,2015
7353,2013
7354,2014
7355,2016
7356,2006
7358,2016
7359,2010
7360,2005
7361,2018
7362,2015
7363,2017
7364,2017
7365,2012
7366,2014
7368,2014
7369,2008
7371,2016
7372,2016
7373,2017
7374,2016
7375,2017
7376,2016
7377,2013
7378,2018
7379,2016
7380,2013
7381,2015
7382,2014
7383,2010
7385,2013
7386,2005
7388,2017
7389,2018
7390,2013
7391,2015
7392,2018
7394,2017
7395,2014
7396,2016
7397,2014
7398,2017
7399,1999
7400,2017
7401,2017
7402,2017
7403,2016
7404,2018
7405,2016
7406,2016
7407,2016
7408,2019
7409,2018
7411,2002
7412,2017
7413,2016
7414,2014
7415,2013
7416,2017
7417,2018
7418,2016
7420,2016
7421,2017
7422,2006
7423,2013
7424,2014
7425,2017
7426,2016
7427,2017
7429,2016
7430,2016
7432,2017
7434,2017
7435,2013
7436,2012
7437,2017
7438,2016
7439,2003
7440,2017
7441,2018
7442,1997
7443,2002
7444,2016
7445,2009
7446,2018
7447,2015
7448,2018
7449,2016
7450,2009
7451,2015
7452,2016
7453,2018
7454,2016
7456,2008
7457,2014
7458,2017
7459,2013
7460,2004
7461,2012
7462,2016
7463,2015
7464,2015
7465,2014
7466,2017
7467,2011
7468,2015
7469,2015
7470,2016
7471,2017
7472,2018
7473,2014
7474,2015
7475,2016
7476,2017
7477,2015
7478,2019
7479,2017
7480,2014
7481,2003
7482,2016
7483,2015
7484,1997
7485,2014
7486,2016
7487,2017
7488,2017
7489,2013
7490,2015
7491,2012
7492,2014
7493,2013
7494,2011
7495,2014
7496,2012
7497,2016
7498,2015
7499,2010
7500,2013
7501,2013
7502,2012
7503,2005
7504,2013
7505,2011
7506,2009
7507,2016
7508,2015
7509,2015
7510,2016
7511,2013
7512,2011
7513,2016
7514,2017
7515,2013
7516,2016
7517,2002
7518,2015
7520,2007
7521,2013
7522,2012
7523,2012
7524,2004
7525,2014
7526,2014
7527,2007
7528,2017
7529,2017
7531,2010
7532,2005
7533,2017
7534,2013
7535,2016
7536,2015
7537,2015
7538,2017
7539,2016
7540,2017
7541,2015
7542,2014
7543,2013
7544,2001
7545,2015
7546,2009
7547,2013
7548,2012
7549,2011
7550,2014
7551,1999
7552,2017
7553,2006
7554,2016
7555,2017
7556,2016
7558,2016
7559,2011
7560,2017
7561,2016
7563,2016
7564,2004
7565,2016
7566,2016
7567,2015
7568,2018
7569,2016
7570,2016
7571,2009
7572,2009
7573,2016
7574,2015
7576,2016
7577,2016
7578,2018
7579,2004
7580,2016
7581,2007
7582,2017
7583,2018
7584,2013
7585,2014
7586,2016
7587,2008
7589,1997
7590,2005
7591,2018
7592,2007
7593,2016
7594,2020
7595,2019
7596,2019
7597,2004
7598,2017
7599,2017
7600,2018
7601,2017
7602,2017
7603,2017
7604,2017
7605,2018
7606,2017
7607,2017
7608,2018
7609,2017
7610,2017
7611,2017
7612,2017
7613,2017
7614,2018
7615,2017
7616,2018
7617,2018
7618,2012
7619,2017
7621,2016
7622,2009
7623,2016
7624,2018
7625,2012
7626,2015
7627,2011
7628,2015
7629,2016
7630,2013
7631,2013
7632,2016
7633,2016
7634,2014
7635,2009
7636,2018
7638,2007
7639,2004
7640,2017
7641,2015
7642,2016
7643,2011
7644,2012
7645,2015
7646,2014
7647,2017
7648,2013
7649,2018
7650,2012
7652,2017
7653,2016
7654,2018
7655,2018
7656,2018
7657,2018
7658,2019
7660,2016
7661,2013
7662,2017
7663,2018
7664,2017
7665,2016
7666,2018
7667,2013
7668,2015
7669,2006
7670,2016
7671,2016
7672,2016
7673,2018
7674,2012
7675,2012
7676,2018
7677,2016
7679,2018
7680,2017
7681,2017
7682,2014
7683,2019
7684,2018
7685,2017
7686,2018
7687,2006
7688,2015
7689,2016
7690,2007
7691,2017
7692,2007
7693,2016
7694,2007
7695,2002
7696,2016
7698,2011
7699,2015
7700,2015
7701,2002
7702,2000
7703,2018
7704,2007
7705,2016
7706,1997
7707,2017
7709,2015
7710,2003
7712,2011
7713,2017
7715,2014
7716,2009
7717,2016
7718,2010
7719,2009
7720,2013
7723,2016
7724,2006
7725,2016
7726,2016
7727,2017
7728,2007
7729,2016
7730,2016
7731,2016
7732,2018
7733,2018
7734,2015
7736,2015
7737,2009
7738,2012
7739,2017
7740,2018
7741,2018
7742,2017
7744,2002
7745,1998
7746,2018
7747,2016
7748,2006
7749,2010
7750,2016
7753,2018
7754,2018
7756,2018
7757,2016
7758,2018
7759,2010
7760,2016
7761,2015
7762,2016
7763,2004
7764,1998
7765,2008
7766,2000
7767,1999
7768,2006
7769,2003
7770,2007
7771,2009
7772,2005
7773,2011
7774,2011
7775,2011
7776,2011
7777,2014
7778,2014
7779,2012
7780,2012
7781,2012
7782,2001
7783,1997
7784,2002
7786,2013
7787,2013
7788,2013
7789,2013
7791,2013
7792,2015
7795,2017
7796,2017
7797,2018
7798,2011
7799,2019
7800,2016
7801,2000
7803,2014
7804,2012
7805,2011
7806,2014
7807,2019
7808,2015
7809,2008
7810,2009
7811,2015
7812,2017
7813,2018
7814,2008
7815,2012
7816,2009
7817,2008
7818,2013
7819,2015
7821,2015
7822,2015
7823,2016
7826,2018
7828,2012
7829,2018
7830,2005
7831,2018
7832,2010
7833,2017
7834,2016
7835,2015
7836,2011
7837,2011
7838,2015
7840,2004
7841,2018
7842,2016
7843,2016
7845,2017
7846,2017
7847,2015
7848,2016
7849,2015
7850,2017
7851,2012
7852,2015
7853,2015
7854,2010
7855,2017
7856,2014
7857,2010
7858,2017
7859,2016
7861,2016
7862,2017
7863,2014
7864,2017
7865,2008
7866,2012
7867,2016
7868,2008
7869,2015
7870,2017
7871,2013
7872,2010
7873,2011
7874,2010
7875,2015
7876,2016
7877,2018
7884,2017
7885,2014
7886,2018
7887,2015
7888,2014
7889,2015
7890,2017
7891,2012
7892,2016
7893,2016
7895,1998
7896,2016
7897,2004
7898,2017
7899,2016
7901,2005
7902,2004
7903,1999
7904,2018
7905,2018
7906,1998
7907,2015
7908,2013
7909,2013
7910,2016
7911,2016
7912,2003
7914,2013
7915,2014
7916,2016
7918,2014
7919,2016
7920,2012
7921,2016
7922,2016
7923,2007
7924,2014
7925,2017
7926,2017
7927,2013
7928,2018
7929,2018
7931,2008
7933,2014
7934,2010
7935,2010
7936,2015
7937,2016
7938,2005
7939,2017
7940,2008
7941,2018
7942,2014
7943,2012
7945,2017
7946,2017
7947,2018
7948,2015
7949,2013
7950,2019
7951,2014
7952,2017
7953,2018
7955,2000
7956,2013
7959,1998
7960,2010
7961,1997
7962,2000
7963,2012
7965,2012
7966,2011
7967,2007
7968,2014
7969,2015
7970,2013
7971,2013
7972,2013
7973,2014
7974,2013
7975,2013
7976,2014
7977,2013
7978,2014
7979,2014
7980,2012
7981,2010
7982,2016
7983,2017
7984,2015
7985,2011
7986,2010
7987,2008
7988,2016
7989,1999
7990,2019
7991,2016
7992,2011
7994,2002
7995,2012
7996,2002
7997,2002
7998,2011
7999,2008
8000,2019
8001,2010
8002,2017
8003,2009
8005,2016
8006,2018
8007,2017
8008,2016
8009,2013
8010,2009
8011,2016
8012,2017
8013,2004
8014,2017
8015,2008
8016,2014
8017,2018
8018,2012
8019,2016
8020,2015
8021,2008
8022,2018
8023,2013
8024,2015
8025,2017
8026,2017
8027,2016
8028,2015
8029,2014
8030,2016
8031,2016
8032,2016
8033,2016
8034,2014
8035,2010
8036,2015
8037,2004
8040,2018
8041,2015
8042,1998
8043,2008
8044,2017
8045,2015
8046,2016
8047,2005
8048,2018
8049,2013
8051,2018
8052,2018
8053,2009
8054,2017
8055,2003
8056,2014
8057,2016
8058,2016
8059,2011
8060,2019
8061,2016
8062,2014
8064,2013
8065,2017
8066,2019
8067,2007
8068,2018
8069,2018
8070,2018
8071,2015
8072,2012
8073,2018
8074,2001
8075,2002
8076,2003
8077,2015
8078,2018
8079,2019
8080,2015
8081,2015
8082,2017
8083,2014
8084,2013
8085,2015
8086,2006
8087,2008
8088,2018
8089,2017
8090,2010
8091,2010
8092,2015
8093,2010
8094,2017
8095,2014
8096,2014
8097,2015
8098,2017
8099,2020
8100,2019
8101,2006
8102,2015
8104,2016
8107,2017
8108,2016
8109,2018
8110,2002
8111,2019
8112,2015
8113,2011
8114,2018
8115,2014
8116,2014
8117,2018
8118,2019
8119,2015
8120,2014
8121,2019
8122,2018
8123,2017
8124,2014
8125,2020
8126,2007
8128,2006
8129,2016
8130,1999
8131,2016
8132,2020
8133,2017
8134,2017
8135,2016
8137,2018
8138,2007
8139,2017
8140,2016
8141,2016
8143,2010
8144,1999
8145,2008
8146,2011
8147,2018
8149,2014
8150,2015
8151,1999
8152,2005
8153,2013
8154,2016
8155,2017
8156,2010
8157,2016
8158,2007
8161,2010
8162,2016
8163,2017
8164,2015
8165,2010
8166,2003
8167,2009
8168,2015
8169,2017
8170,2016
8171,2012
8172,2015
8173,2019
8174,2005
8175,2018
8176,2016
8177,2016
8178,2018
8179,2015
8180,2010
8181,2016
8182,2015
8183,2005
8184,2011
8185,2007
8186,2016
8188,2005
8190,2019
8191,2019
8192,2010
8193,2014
8194,2015
8195,2013
8196,2000
8197,2016
8198,2016
8199,2009
8200,2017
8201,2015
8202,2016
8204,2018
8206,2012
8207,2016
8208,2011
8209,2015
8210,2018
8211,2016
8212,2015
8213,2016
8214,2001
8215,2016
8216,2011
8217,2010
8218,2015
8219,2010
8220,2009
8221,2016
8222,2008
8223,2007
8224,2019
8225,2017
8226,2006
8227,2017
8228,2005
8229,2007
8230,2013
8232,2017
8233,2019
8234,2017
8235,2018
8236,2014
8238,2017
8239,2017
8240,2017
8241,2016
8242,2016
8243,2017
8244,2010
8245,2016
8246,2015
8247,2013
8248,2016
8250,2011
8251,2010
8252,2018
8253,2016
8254,2013
8255,2011
8257,2016
8258,2013
8262,2016
8263,2015
8264,2009
8265,2011
8267,2018
8268,2016
8269,2015
8270,2017
8271,2015
8272,2006
8273,2017
8274,2017
8275,2017
8276,2012
8277,2013
8278,2018
8279,2015
8280,2009
8281,2016
8282,2011
8283,2016
8284,2005
8285,2007
8286,2015
8287,2016
8288,2015
8289,2017
8291,2016
8292,2016
8293,2012
8294,2015
8295,2018
8296,2010
8297,2009
8298,2009
8299,2014
8300,2019
8302,2016
8305,2000
8307,2008
8308,2017
8309,2017
8310,2014
8311,2017
8312,2016
8313,2016
8314,2013
8315,2015
8316,2007
8317,2003
8318,2018
8319,2019
8320,2011
8321,2016
8322,2018
8323,2017
8324,2016
8325,2009
8326,2014
8327,2015
8328,2015
8329,2014
8330,2018
8331,2018
8333,2005
8334,2013
8335,2011
8336,2013
8337,2017
8338,2008
8339,2017
8340,2018
8341,2011
8342,2017
8343,2015
8344,2017
8345,2016
8346,2005
8347,2015
8348,2016
8349,2015
8350,2013
8351,2017
8352,2014
8353,2015
8354,2018
8355,2016
8356,2009
8357,2010
8358,2014
8359,2018
8360,2018
8362,2009
8363,2016
8364,2018
8365,2009
8366,2018
8367,2015
8368,2008
8369,2011
8370,2015
8371,2010
8372,2007
8373,2010
8374,2013
8375,2017
8376,2019
8377,2010
8378,2009
8379,2017
8380,2006
8381,2017
8382,2016
8384,2010
8385,2016
8386,2018
8387,2014
8388,2018
8389,2019
8390,2017
8391,2016
8392,2013
8393,2017
8394,2018
8395,2015
8396,2006
8397,2015
8398,2015
8399,2017
8400,2019
8402,2008
8403,2014
8404,2003
8405,2002
8406,2008
8407,2016
8410,2017
8411,2012
8412,2009
8413,1998
8414,1999
8415,2003
8416,2003
8417,2018
8418,2017
8420,2009
8421,2015
8422,2016
8423,2012
8424,2017
8425,2016
8426,2016
8427,2015
8428,2018
8429,2017
8430,2011
8431,2015
8432,2017
8437,2021
8438,2018
8439,2017
8440,2016
8441,2018
8442,2012
8443,2014
8444,2008
8445,2010
8446,2001
8447,2016
8448,1997
8450,2018
8451,2012
8452,2004
8453,2013
8454,2006
8455,2014
8456,2017
8457,2012
8458,2012
8459,2015
8460,2012
8461,2004
8462,2017
8463,2004
8464,2014
8465,2004
8466,2009
8467,2017
8468,2019
8469,2006
8470,2018
8471,2009
8472,2008
8473,1997
8474,2016
8475,2010
8476,2006
8477,2015
8478,2016
8479,2017
8480,2016
8481,2015
8482,2015
8483,2016
8484,2016
8485,2011
8486,2002
8487,2014
8488,2016
8490,2017
8491,2016
8492,2011
8493,2014
8494,2011
8495,2015
8496,2014
8497,2012
8498,2001
8499,2015
8500,2016
8501,2019
8502,2014
8503,2015
8504,2014
8505,2017
8507,2014
8508,2015
8509,2013
8510,2017
8511,2010
8512,2016
8513,2013
8515,2010
8516,2019
8517,2015
8518,2017
8519,2017
8520,2017
8521,2015
8522,2017
8524,2018
8525,2009
8526,1999
8528,2013
8529,2016
8530,2017
8531,2002
8532,2009
8533,2016
8534,2017
8536,2016
8537,2015
8538,2016
8539,2010
8540,2002
8542,2009
8543,2011
8544,2017
8545,2009
8546,2016
8547,2013
8548,2015
8549,2017
8550,2015
8551,2007
8552,2014
8553,2007
8554,1998
8555,2006
8556,2017
8557,2005
8558,2015
8559,2018
8560,2010
8561,2016
8562,2016
8563,2017
8564,1999
8565,2018
8566,2017
8567,2009
8568,2016
8570,2016
8571,2017
8573,2016
8574,2014
8575,2015
8576,2017
8577,2015
8578,2015
8579,2017
8580,2017
8581,2011
8582,2010
8583,2010
8584,2016
8585,2010
8586,2017
8588,2017
8589,2016
8590,2017
8591,2013
8592,2009
8593,2014
8594,2014
8595,2018
8596,2014
8597,2016
8599,2015
8600,2018
8601,2017
8602,2001
8603,1997
8604,2018
8605,2018
8606,2016
8607,2001
8608,2016
8609,2016
8610,2015
8611,2007
8612,2007
8613,2016
8615,2008
8616,2014
8617,2014
8618,2016
8619,2017
8620,2015
8623,2001
8624,2004
8625,2015
8626,2018
8627,2016
8630,2014
8631,2019
8632,2017
8633,2017
8634,2017
8636,2017
8637,2015
8638,2010
8639,2012
8641,2013
8642,2014
8643,2010
8645,2018
8646,2018
8647,2015
8648,2018
8649,2016
8650,2015
8651,2008
8652,2013
8653,2015
8654,2016
8655,2006
8656,2017
8657,2017
8658,2013
8659,2016
8661,2012
8662,2017
8663,2011
8664,2009
8665,2017
8666,2018
8667,2016
8668,2005
8670,2008
8671,2016
8672,2018
8673,2016
8674,2017
8675,2015
8676,2018
8677,2016
8678,2016
8679,2013
8680,2017
8681,2014
8682,2004
8683,2018
8684,2016
8685,2018
8686,2013
8687,2016
8688,2015
8689,2005
8690,2017
8691,2016
8692,2017
8693,2017
8694,2007
8695,2013
8696,2011
8697,2016
8698,2014
8699,2015
8700,2014
8701,2017
8702,2018
8703,2015
8704,2018
8705,2016
8706,2018
8707,2017
8708,2015
8710,2012
8711,2016
8712,2016
8713,2015
8714,2016
8715,2014
8716,2017
8718,2019
8719,2017
8720,2016
8721,2012
8722,2000
8723,2017
8724,2018
8725,2002
8726,2017
8727,2013
8728,2016
8729,2000
8730,2017
8731,2015
8732,2018
8733,2016
8734,2017
8736,2011
8737,2016
8738,2016
8740,2015
8741,2013
8742,1999
8743,2018
8744,2017
8746,2017
8747,2016
8749,2014
8750,2010
8751,2014
8752,2019
8753,2017
8754,2016
8755,2010
8756,2019
8757,2006
8758,2017
8759,2015
8760,2013
8761,2015
8762,2016
8765,2017
8766,2002
8767,2005
8768,2001
8769,2008
8770,2001
8771,2011
8772,2013
8773,2006
8774,2018
8775,2018
8776,2014
8777,2010
8778,2012
8779,2015
8780,2015
8781,2016
8782,2016
8783,2016
8784,2015
8785,2016
8786,2017
8787,2017
8788,2015
8789,2009
8790,2008
8791,2011
8793,2005
8794,2016
8795,2015
8796,2016
8797,2016
8798,2014
8799,2009
8800,2012
8801,2015
8802,2007
8803,2018
8804,2009
8805,2006
8806,2015
